X Y
-8,17058345 12,42950908
9,22640007 8,5178796
-0,05701201 -0,40260952
11,28436544 9,41875513
-7,81366303 10,96103659
9,1094488 6,61050652
0,57441453 -2,31055764
2,66623865 -2,0740199
12,14131456 8,13235514
-2,1385797 -1,29417051
1,26501673 -0,41070326
10,55581802 5,83381959
0,87279046 -0,19774833
12,2923767 8,24962874
8,82309218 8,98399028
10,36226172 7,2926067
10,4375214 10,02484775
1,54442521 -1,81883912
9,80138603 8,1101004
13,46126803 8,09650937
-8,12449646 10,27074701
13,60115358 5,09746051
-6,92663011 10,88990213
9,49579933 7,95091514
12,90305553 9,98443466
-1,82866634 -2,20471871
10,24356469 8,95635386
0,01634028 0,96386901
2,4195703 -0,18378931
11,61609033 9,363512
12,23439221 8,22028358
-7,62372058 9,44635319
1,70321258 0,60565728
14,13190104 8,47169595
0,60520171 0,37167363
0,88521091 -0,36574854
1,00828189 1,08863592
-6,43563036 8,42891932
1,99184463 -3,93739304
-6,92080529 10,04823787
13,50756877 6,6537669
1,20530673 0,57673607
13,82428969 7,76999462
-8,5271122 9,9748636
13,8350084 8,43920058
-4,87368306 12,37150288
0,63416367 -3,92514139
-1,59070027 -2,95350329
0,10014593 -1,86130502
-9,47327243 11,5544891
-0,42201269 -1,16974093
-1,79301473 -0,53085733
0,2864612 -0,40561191
-5,44259931 9,75227436
1,48370681 -3,67706887
12,50109369 8,42807556
8,51533347 7,48825933
0,79253942 -3,11484282
12,05554871 6,71115288
3,13833657 -2,80514612
14,01440532 10,14825665
-6,02344798 8,07957192
2,33525047 -2,47828002
-7,50134735 7,724706
-1,49713413 1,10957167
-5,71454637 11,73747547
10,42094099 8,9111893
-9,54379084 12,52159155
12,54502396 7,07462872
3,11517028 -0,34104632
9,80209065 7,52549175
-6,45697461 8,94013543
-1,82016314 -3,63128922
-6,45910379 12,49653856
-9,38104359 7,53588969
-4,86009327 11,36427754
0,30938306 -2,45813599
2,61492987 -3,78021963
-4,33324787 9,91892593
-6,91341192 9,63974698
3,51040855 -1,88339563
3,64876758 -0,59751296
9,48665459 8,27036183
-6,55745275 7,8735524
2,77659484 0,92303892
-9,41919671 11,96516001
-6,64659332 8,13495916
-8,01733458 7,86934943
-0,26042387 -3,57386492
-4,73224302 8,04269731
12,94113372 7,34319314
11,08131851 5,44875006
-4,40385266 11,86883488
-9,31312565 8,05359552
1,98021065 0,47345108
12,11207501 8,47388097
-6,03276128 7,58970638
9,96108103 8,43140356
12,56620525 7,09427257
3,17488218 0,05849449
-9,55102093 9,69818905
-1,68080963 0,95839602
2,14996906 -0,97005262
-6,15392378 7,45087274
9,49419079 8,82204184
-5,08116957 8,13796077
2,95767823 -3,65614363
3,61110213 0,61853166
2,32961484 -3,64607122
11,74903989 7,01776099
-9,17161886 7,79464442
-8,12241252 10,33010658
9,42680289 7,15377782
-5,87259876 12,3402156
13,99841102 8,62574645
-4,74099618 9,04370829
-0,5901936 -1,53020812
-1,32609152 -1,32589461
1,94332598 -3,85633723
-4,70133433 9,1719379
2,00873524 -0,1814547
8,49509576 7,67644266
9,06154413 9,86835592
-7,0240177 8,6018835
0,23267041 -3,17125587
-5,24333167 9,21432453
13,36457782 9,18176291
14,05429802 5,3591643
8,55005062 5,01420246
-2,14787024 0,09366467
1,38198503 -0,94294186
9,61325415 9,72263479
12,45235159 5,86027122
-1,37965888 -2,95242198
13,92812677 7,56191885
2,26579463 -0,74979629
2,21108415 0,89017936
10,1917188 6,15943899
13,93484681 6,91351891
-10,1189762 10,07499818
9,01319051 7,31677552
3,2780621 1,01646425
11,73955544 6,69032503
11,7662799 7,5917821
13,44931505 8,61360293
-0,57074544 1,25081471
-8,86313143 11,06618587
-9,00489092 9,24226321
13,30061254 8,9452985
-7,51174627 10,1008316
-6,93961146 9,10722515
-7,36293156 8,05561561
0,94166476 -3,82411205
-5,1135889 11,68529517
3,30703726 -2,76357365
-7,01174962 8,76234446
8,77234102 6,74081694
10,38212716 6,41090078
-1,58831438 -0,49886776
-7,22214871 11,31896718
-0,02643109 0,90634167
-7,55106417 9,68346804
12,0447853 8,98598354
-8,70107543 11,57176642
2,78160898 -0,98349402
1,44870351 -0,76963629
-0,52374714 -1,93538874
-6,27455567 12,6194486
9,39088172 6,03434179
-7,06445487 10,92905172
0,43026969 -3,33461919
-0,60751685 -0,14544693
-1,78003956 0,76419276
11,56598347 5,31568642
-1,38105668 -3,67229731
2,86931535 -2,09688875
-5,00464361 8,32754499
-4,46551283 11,8958796
2,79587385 -3,49679454
11,45329238 8,63926355
0,22290357 -0,77585605
-8,10584716 10,13183659
10,65325134 8,69956769
-9,70324054 7,71857011
1,56584627 -2,76041592
-6,4389773 11,92045944
0,47692966 -2,34188439
-6,40237769 8,13474891
-7,99286455 9,08590651
-9,33695436 9,37729664
13,68120111 5,86163588
-4,61485235 7,90596377
9,32315634 8,29397934
-7,26055196 10,08395486
-1,80225657 -1,24481858
8,44832957 9,48251739
12,271571 7,46688352
10,67953954 7,50052488
-2,12159322 -1,60244612
0,67790994 -3,57570084
12,71099983 7,9338442
-10,05324466 11,93578953
-9,13687369 9,83433144
2,86490694 -0,94882117
0,73624026 -3,90424732
-4,58063665 9,4598969
1,11829036 -0,36602717
9,95995988 8,00768024
0,84666232 -0,81775851
0,06372426 -3,44181889
9,63532189 9,67856101
9,70558661 7,0930259
-1,44647513 -1,79697855
0,59558802 0,7080353
-9,08503976 8,91856369
9,47586481 9,79123903
-1,39381689 -3,3314635
-6,34399169 12,33745088
-10,15242973 10,68967204
12,40151842 10,20684782
-1,23995396 -3,35343067
8,60344963 6,63141751
-7,58282636 8,61068387
11,2141994 7,02712404
-6,54773694 8,88460343
-6,65860881 9,0589791
2,35590749 0,07010046
-0,57708325 -1,03915936
-1,40690955 -3,15351066
3,46469067 0,66024374
8,69353704 6,53557803
13,08334816 9,32812114
9,31142257 9,11813341
11,73055549 5,08893534
-1,08458565 -2,96509607
-0,27050931 -1,63814729
0,83144744 -0,35341223
11,98800249 9,81554577
-8,33184227 7,44811599
10,81166322 8,37649515
-1,14074596 -0,29820682
-0,44853099 -0,70515684
-5,16416876 9,86621419
10,38677309 9,91025965
-7,65580991 8,52754611
0,82759088 0,80848116
13,04485721 8,93522505
-0,81098143 -0,54075908
1,11142078 0,48038939
-9,01184799 10,40853375
-0,99685088 -2,17565134
13,23071276 10,19602489
12,7137677 6,16709536
-5,28695798 11,18934638
-0,33700892 -3,54226413
2,77233755 0,49502432
-7,74219278 10,08724892
-8,22005578 8,85613206
12,92384349 9,41291228
-7,86589694 11,91340928
-6,94392719 8,96761337
-6,00940612 8,4250288
13,20367483 6,08046409
14,23156802 7,71835778
3,12011357 -1,95272426
1,79993443 -2,70419036
-5,91123793 11,68424606
1,05489346 -3,41353968
-10,11685902 12,18777808
-5,67305483 9,91608362
1,21742849 -3,87808244
10,85780683 8,7586369
1,69843924 -3,80999272
-4,42522587 10,93954369
8,77209021 9,35794882
2,72366877 -1,62036408
-0,17112548 -0,09492773
14,13764495 5,59245983
-9,42538745 11,24296741
11,48194894 5,47774641
2,37394022 -2,01123049
1,80886944 -2,59755415
0,36368946 -1,26373932
-7,1343269 11,24577977
9,17240359 8,06296625
0,57986064 -3,52885567
12,11537748 9,88016046
-7,93191405 10,78233133
3,3702125 -3,31990568
2,1198976 -2,98635051
0,88422974 -0,11307081
13,30326703 8,50358348
-8,79719403 12,45533152
0,91038137 -3,11181581
-6,50076502 10,3178389
-10,16629232 7,58305357
-0,03464865 1,13702468
2,96685447 -1,03183361
1,57580521 -2,29951604
10,22629251 5,21999639
-6,25397795 12,36947844
3,13209483 -3,46433355
-9,1241678 8,80459322
0,87381566 0,41565346
-7,12819556 11,23043861
10,71247828 6,53873386
13,5520191 5,02425989
-1,20581833 -1,00511886
-5,53347276 11,08404255
-9,83645616 12,4092603
-7,6441303 12,12706264
-1,78479949 -2,32919579
-9,63664962 8,3843306
8,61296925 8,81835242
-7,99631019 8,53935971
10,43328788 6,24650531
-9,58131714 11,00278186
-5,29610844 9,52725423
12,01976786 5,74352281
8,44233259 7,09779936
9,28623988 7,8655649
-0,75902439 -0,37034749
12,09953813 5,21921349
-8,89509175 10,64466716
8,74413731 7,37787263
0,98130052 0,47473997
2,03591472 -0,59859321
-4,38472652 10,25578502
-5,04711298 11,82990428
0,209634 -0,42039889
-2,0732458 0,34952608
14,14549277 9,07725592
-6,31049707 10,69560408
-8,72170415 7,62434627
13,02197355 10,16922971
0,24930343 -0,70507883
-7,64842262 8,19861889
-7,36662511 11,99787168
11,17724521 5,72423913
9,65392395 9,37811776
-5,78493942 11,78005717
2,77711484 -0,77151181
-8,94872552 11,75964677
-9,40915718 9,48947237
-1,27597749 -0,40759617
-7,15123809 8,13825184
10,59953327 6,40235982
11,4172544 9,09385606
9,5399183 7,35025175
-6,21685944 10,34932479
-5,30461401 10,85114219
3,44773869 -0,02066528
0,24586283 -3,7371663
-0,85017297 -3,10983043
9,32910583 9,20865433
2,61154353 -3,43193821
14,0220466 6,70907996
2,66497584 -0,330172
10,22545955 9,22424197
-9,88188887 11,05685323
-6,77280152 10,49505054
2,73478549 -2,88008044
11,67542108 8,21053701
9,19225712 7,44846588
-0,09135138 -2,42786381
13,3491675 5,9943019
1,62631489 1,23608603
-6,95147597 8,32034923
-9,96679961 12,12135822
-8,89660253 8,47743412
11,19023023 6,82596847
10,57641134 6,93539325
-6,22832599 7,93461318
11,90293897 7,42370771
-7,94232335 9,70129212
9,10433164 5,59886455
0,22579769 -2,56877272
10,78648696 10,12010099
0,70220687 -0,54741657
-0,55382748 -3,53311107
-9,32213087 7,85627866
-7,15121247 8,83502744
1,23368538 -1,54231322
-6,98994725 11,22875605
-5,66615545 8,29158233
-7,69056088 9,1448295
9,43791685 6,72844614
-1,75462367 1,27773391
2,58145474 -1,09221583
-9,41964503 11,39777148
-10,13274979 11,68913149
-7,06731936 11,42397605
3,05555794 -0,33565872
2,46916877 -2,13971483
2,84381025 -0,51743715
-9,36541053 12,61031094
10,85133884 8,34893117
9,95326569 5,13657324
-9,89038521 9,12955826
-5,2546663 10,26200315
-9,32593493 12,02468216
1,7383188 0,83108674
0,79780061 0,90402235
-1,5998743 -3,57342666
14,07400938 6,64729621
13,30309328 8,66674819
9,56530838 6,72416027
11,77761966 10,09757599
12,3095716 8,34898419
8,66329924 5,38607448
-1,88640791 -2,88371582
0,39823388 -1,54043642
-4,59046033 10,38376796
-0,62980166 -3,58735032
-1,08462023 -1,09083072
0,06223646 -2,47765552
12,79393418 7,68683647
-0,82426828 -1,71226843
-1,44418065 -0,90212357
-8,64540269 9,72805944
-8,27674385 10,77705165
12,43803173 5,92113501
11,38785079 7,52857904
-4,91756548 10,20894898
-0,30182032 -2,31428341
-6,47036304 11,53429006
-8,07014886 10,85781195
-1,31529601 0,97998496
-7,80607374 9,36403165
8,37647393 5,59847028
11,97831524 6,42442334
-2,11712774 -3,36269183
9,89495428 5,57480719
-2,17558557 -2,28174955
1,36116346 -1,50110603
13,99053611 8,81711124
-0,92003029 -2,02249639
1,97229425 -3,40944077
-5,40939308 11,62063182
-8,72091123 8,30693047
8,80766748 8,09146566
2,11300328 -3,78299476
9,84028994 5,37555166
13,70225704 5,45068956
-0,94933976 -1,77961696
3,66062598 1,29497845
9,23063886 8,8448327
-5,09484617 12,13818119
0,52972998 -0,16017578
10,20191579 8,03896039
9,65965988 8,34098033
1,67131145 -0,7754887
-1,16552638 -3,17026206
9,30314741 9,19663264
2,4844934 -0,54258334
9,88509298 5,5145653
10,7744906 9,56196957
-4,80724632 7,96279572
2,94399076 -2,90606734
-7,43325202 10,62873863
11,20768646 5,56576878
-4,73045602 8,03668307
-6,43718855 8,70862828
13,0706792 8,94173303
14,22497578 10,08792447
-8,51408954 8,15425214
13,03383769 7,03128246
11,01582214 7,9058356
-9,46757627 8,48357931
11,66143992 5,9090715
3,03368636 -2,35787748
-8,12906805 10,74294685
-6,40366168 11,2389909
-9,93393842 7,75562311
13,82030007 5,09983217
-8,90005202 9,14496362
-9,97868816 10,2424961
-5,39657077 11,28378108
-10,01602453 8,10309412
10,9622505 5,95389735
-5,88773436 7,93272274
10,70064667 7,39233074
13,30494092 8,34958898
-4,33832575 8,13308092
0,04650056 0,40950627
-1,29907711 0,69118648
1,64885191 -1,13424128
8,83105069 7,55002273
-7,15835906 10,15053491
11,42449851 9,62216037
0,48080278 -1,60768219
9,62610364 7,5810552
-5,10200165 9,03047417
3,69095047 -1,77910993
8,76112252 9,8909471
10,00084723 7,23534455
13,0243592 8,83257411
-7,71700489 9,23740814
2,17085555 -1,98691419
-8,88910157 8,47373866
-0,36668581 0,22965865
13,46152602 9,74974986
-7,93864063 7,72534971
-7,23098807 7,58634056
-7,75883697 10,60203283
-8,51267181 10,05138701
-5,69756086 12,01436222
3,63251111 -2,04777053
0,6231418 -1,97357898
9,52846078 5,02419616
9,79020477 8,94613538
11,50763928 6,04994299
-8,91762264 10,26617526
-7,62329016 7,51967193
2,56026872 0,10029945
-1,01739949 0,49822807
-1,8224459 1,12131908
9,25729854 6,06119052
-5,42602861 10,28892403
11,07165368 8,95239659
1,04223717 0,44931147
2,06124238 0,59125232
2,88921475 -2,46725159
12,10022218 5,00089229
13,99537506 5,37009041
-1,21534721 -1,77604943
10,25607629 7,2361202
10,691209 9,54796619
-0,43369256 0,56741777
13,62936913 6,1573875
-4,94827033 8,93645205
11,53554216 5,34283622
11,72835422 6,09046205
0,2406932 -0,36709312
-9,81025258 11,81873192
-7,39497829 8,57934617
0,94797628 -3,18759428
-1,06888169 -0,76713749
3,74125046 0,55235001
9,06750737 5,84167456
13,31359124 8,78761774
1,26007871 -1,02241134
3,67507338 1,2105548
-1,90772182 -3,31697629
13,78057032 7,42341416
-6,31140933 8,4889599
13,22197513 8,67130663
8,91837837 9,80802352
2,74972063 -3,74747281
-8,81803062 11,82717765
11,05436435 7,43025828
11,69917628 9,35907852
2,17178535 -2,55628121
1,98055145 -2,52237486
14,25395951 7,4435044
-6,12333334 11,05461437
12,64305217 7,90786614
9,87044217 10,23619989
-1,86123237 -0,70827159
-8,00061596 12,42841775
1,0237746 0,51935379
-7,08857482 12,55099924
9,67681618 6,50102449
-5,74316331 7,46258543
8,9399527 9,4507167
9,12264016 9,6744586
-5,60905096 9,29392392
-4,50425723 9,66222225
-0,73983644 -2,91220429
-5,87197851 11,11330321
-10,17126687 7,91351399
-4,9197939 8,62571033
9,32229091 6,89999518
3,30433213 1,21985176
14,17961854 6,31919034
-2,17229174 1,30288288
0,41618931 -3,51594755
12,46694488 7,61001175
-4,71507595 12,40598819
10,21736772 5,95082315
0,10269591 -1,47336689
-4,5918065 9,03079853
-9,16090337 10,29252691
-4,92420594 10,0806952
10,79719998 8,1957368
-5,71279004 9,72271484
-9,31798362 12,20530734
-9,43632928 11,16379684
-10,15743351 12,12287224
8,34220579 10,09554004
-9,07213291 10,2793601
8,44405338 9,35658187
8,62316349 6,47540567
9,90935681 7,31190177
-5,04244311 7,42837312
-6,14612009 8,96497984
-6,27091601 12,55541382
-5,55839951 9,365265
0,53914993 -1,14232136
-1,12627774 -3,73238057
-5,47715037 10,01590592
9,80419878 5,43601857
-8,41291041 11,36976115
-9,77067472 9,69230919
-0,39012373 1,00227413
-4,69716168 9,70378236
-8,34183374 11,47978455
2,07758807 -3,05896237
12,46265629 7,20634895
0,07705838 -1,14517465
-8,50663432 7,80903924
10,69620107 6,41185155
2,00404147 -2,32770124
-9,20964347 9,449064
1,57503808 -2,77500593
-7,95390527 10,52121728
-1,98876392 1,23894633
-5,85055828 10,5808273
-8,78260137 11,8126893
10,45684274 6,41296448
-0,79828125 -2,27307791
-1,76376765 -3,0341599
9,46651573 6,4120129
13,56400188 9,93108217
12,27128087 6,61395077
-4,57685455 10,26867675
1,11158564 -1,55540929
-9,52922705 11,3909808
-9,99794507 9,25602376
-6,69116527 8,24097249
1,33020765 -0,30143821
13,01626908 8,98866148
-0,19556328 0,37993659
13,12897306 6,29102987
2,51379492 -3,90978755
-7,62089189 7,6242099
-0,86191118 -3,70970213
-1,70970687 -1,52450537
0,19147171 -0,34003457
-6,39201443 10,60197173
-8,47480273 10,78588879
-0,26658715 -2,5151536
3,33014713 -3,57172895
13,57891319 8,98803917
2,70161008 -0,26081697
2,21475736 0,74710333
10,71746442 7,24958362
-4,7462504 10,222841
8,86011791 7,23305078
11,91131087 5,10984875
9,68880589 7,53239088
11,99932504 9,70959032
0,54148147 -1,4786119
-1,68905083 -1,28942929
-8,02724902 10,27333043
-5,29944742 11,58334818
-9,58564701 7,62427111
-0,78561477 -0,55574471
2,54762284 -2,79091368
-0,43998165 1,26048079
-4,63585862 8,74675599
12,01776762 8,0547674
12,35677196 10,00813704
12,77351423 7,06745773
-1,77491603 -0,33899283
-5,99389537 11,60360123
-4,8020221 12,00118162
-1,22536208 0,22034049
3,61005282 0,450047
0,39496977 0,84917638
-1,40222459 -1,20421703
-8,72635966 10,16250084
2,89106084 -0,19490381
-8,96663987 10,35198724
13,34800082 5,22686161
-0,12667508 0,97590678
-0,60583056 -1,93635304
-8,88777577 11,2026275
10,58818345 8,87497514
12,56784895 9,95042728
14,17916786 8,44112727
10,8678248 6,29724616
-4,32727789 10,73318853
10,4557509 6,69563233
-8,08278285 10,99703823
-5,64295883 11,49109754
9,497894 7,7302598
-7,35200654 9,97211082
1,05711141 1,21552489
13,32927657 5,45497584
3,40525033 -0,28302484
-10,23848275 11,11336299
3,33014729 -1,93401249
0,35600478 -1,5973884
13,67078671 10,12131532
1,61941376 -0,52938081
-7,75351789 8,75748537
0,8652956 0,63413064
8,33196447 6,34316147
-0,76440248 -0,03019709
-6,1958666 10,38610844
9,22592801 6,72340771
10,70749194 7,28316081
0,7782451 0,2895434
10,61422856 10,04622614
8,73784593 5,95661233
9,02920693 7,02725844
-9,79031404 11,63518146
2,09817029 -0,98058966
-1,93614105 -0,37509308
-6,75308208 9,27562629
-5,11317011 10,03248394
9,13117511 7,89263121
9,52436965 5,88768745
8,34323223 7,21760852
-4,95857755 12,03780863
2,62553664 -3,89946632
13,72784806 9,9544486
-1,37644038 -1,07442945
-9,12191839 8,00549531
0,66665054 -0,95475575
12,16222379 5,29082648
13,05747514 5,16342552
13,2206199 5,66643902
-9,20847421 9,69786016
8,53796681 10,07561363
1,3186061 -2,01777051
-4,49093692 11,34983994
-7,21017883 8,7409084
1,33134034 -2,91601746
-1,98176341 0,00294065
-7,11128236 9,61533562
0,67313512 -0,10336003
0,27471941 -0,59827808
-7,99787156 7,75440472
-4,87534992 10,68734152
0,33872072 -2,85974039
1,52630273 -0,30727326
13,41099157 9,78949263
1,31184451 -1,70551433
9,73026812 5,29981706
-4,33156952 8,15967735
0,16112508 -1,99224199
0,3328089 -2,93231238
-1,00789882 -0,38921965
14,0792662 10,09566475
12,03397263 9,77182693
13,4418055 8,76647851
0,54121635 -1,43495358
-6,57418548 11,05991912
1,25949695 0,89366733
-6,34419641 7,66485396
-1,51884146 0,32178435
2,00650723 -1,1243643
-1,33662841 -1,48125008
-5,95621938 8,41276152
-2,07261955 -0,88010927
-1,46704249 -1,96742872
-6,21290584 10,67107709
-8,01040274 10,19026453
10,33152558 6,46005254
8,62814508 5,67922214
14,12880835 6,29070957
11,02660748 6,56100941
2,03978402 -2,08203124
12,75939218 9,01763804
13,16749018 5,80720138
0,10248466 0,29170475
11,89550968 8,92911842
10,92132061 7,37194932
-7,81193648 12,34951886
14,02933217 6,99404916
-0,09111921 -1,04962695
-9,13183574 8,60242178
-9,98596112 8,1060839
2,17477524 -0,63213018
-4,69357939 7,8238607
-4,88991094 9,89003335
11,855346 5,80398598
2,30062337 -1,19098982
-6,05974459 11,16988729
12,46380744 5,40693936
-1,09118445 -0,10422256
14,11788058 7,94678596
2,32541301 -2,63618805
-5,66274481 11,97549458
0,47475171 1,23586491
-4,4293786 11,72640115
2,67537573 0,09898646
3,60897705 -3,73559905
-8,09685326 7,41373834
0,20493047 -1,89807208
10,98313456 9,41022255
-7,16992557 11,01086689
-0,4672151 -2,45389228
-7,38302866 10,80725427
10,54645199 8,53852857
13,82072156 6,19215312
-8,75704404 8,75497473
8,84213139 6,18148838
-8,15074315 8,09670394
-7,96659034 11,89077079
14,06529383 9,33408662
13,59318768 8,67182905
12,47951469 5,35590216
-1,80780895 -3,27627033
-5,2670544 10,86052417
2,40861646 -1,05304867
12,54483028 5,82725997
-0,48936228 1,02229407
-9,5717879 9,68443265
10,25663484 5,94382489
-9,45195564 10,81597268
-2,06073253 -0,45518139
-1,80939444 -1,07985012
-0,28547475 -3,2173616
10,65323116 6,61066756
2,11182555 0,36127233
-7,7391857 11,16900533
11,61415098 9,09173873
12,48000972 9,92610931
-10,12014495 10,21375152
1,0396846 -2,68991316
9,9987639 7,31832954
1,28889827 -2,33209471
0,40240748 -0,82528523
-0,8344425 0,70653377
8,4314338 9,29609264
-0,40456853 0,68289096
3,03037189 -0,2357379
11,38808291 5,82046529
11,23066087 7,48296257
-6,75121277 11,23924463
0,25523949 0,42175471
1,28711529 -3,34262048
12,10350191 8,34386349
-1,76569508 1,2651477
1,74844732 -2,95518239
-5,35871234 10,61905798
-6,94403194 12,59723002
-7,81715221 11,9742016
1,35980205 1,18882594
-5,55483496 10,13093716
-7,92496575 9,65640499
12,02375232 7,86502201
9,27595875 7,38238624
-1,42170281 0,6975176
9,19105738 6,89351978
-0,85356805 -0,87854713
12,07416949 8,69118834
11,4902333 6,54782691
0,65864413 -3,91449493
-1,57670542 0,65713442
10,99742256 9,47866704
-1,36025601 -1,34146173
0,63542492 1,05182718
8,79533356 8,27881975
-7,31200743 12,25183595
9,60276864 8,0773134
13,22243514 6,25134149
-8,29453294 12,02109993
11,07703035 5,70623187
-7,75278818 11,43237163
-0,97961371 -0,34523953
1,10367675 -2,48735177
11,35160999 8,93949873
11,24684666 10,00767761
-9,84176096 7,63472762
-6,26836907 10,92378084
9,06303311 8,0856942
13,11473533 7,99506542
12,61642979 7,56005624
-7,10997687 10,40163726
-9,2268891 11,125087
-8,00981446 9,84806263
1,67876944 0,90181117
13,53601178 9,02489196
3,19979326 -2,87046429
-9,58288401 8,19859298
-7,61116909 11,35913996
9,86512415 5,58401872
-7,08721037 10,90950306
9,54818111 9,34843209
0,42746231 -0,55476525
2,74210285 -3,78856225
-8,47676442 11,54608335
13,34809175 9,01485189
0,2283206 -1,08708547
-7,34984955 10,52856908
-6,27186916 8,06191995
-2,11914786 -0,33497291
12,91055142 9,28546955
-8,82016058 12,07986935
10,15162334 8,87197247
3,29406119 -3,29220382
-2,12026292 -2,82299708
-8,36854441 8,3829037
-7,83041461 10,38126294
9,48706922 6,84730404
-6,71280324 8,29080554
1,41851166 0,48235543
12,57752832 6,649572
-0,0849503 -0,88005563
-7,08312979 9,46656791
-4,43096585 12,15190854
-8,15823272 12,34018943
12,94317428 9,80998448
-10,17274602 8,41292246
3,6430625 -1,51580691
-8,50269638 12,52324278
12,2137797 6,85868229
0,49681179 -1,71673143
3,37391343 0,66676121
-6,02035963 11,91892833
-6,73578646 7,46427564
0,8046214 0,04472163
0,63841996 -3,16435885
-7,68796781 8,86294104
-6,14623035 11,35042069
-8,76751382 12,0958864
0,49592086 -3,75362473
-6,19862123 10,24360228
-5,69848682 7,53059307
1,96364393 -0,05969894
12,05801384 6,85297778
14,26952222 10,01971725
-6,02244492 8,4196015
-7,6919504 11,85271337
-1,82348013 -3,56781916
-0,77227828 1,06294575
-8,18801232 10,03372163
-6,46671031 10,42422316
-0,84613302 0,41366107
0,83742809 -3,58319129
0,34298907 -2,2042123
-5,28077682 7,96778034
13,51370434 7,18956331
2,67977641 -1,60824276
-9,13126582 7,98982265
11,26016466 7,68751241
9,81106056 6,01170657
13,07963743 8,58426351
1,60856761 -0,34725474
11,47479261 8,00727989
10,49717517 8,79015831
-2,06056201 -3,1897351
8,82168736 9,51067417
-1,78799195 -3,19180196
-5,42940409 10,10472597
-1,47039693 0,6020673
10,38315032 7,87765843
1,20326044 -3,20657014
12,18844292 7,42770983
2,3296081 1,13643291
0,72114248 -2,6532117
1,01931749 -2,45791762
-4,93711465 12,61899252
-7,93872758 10,76174496
-4,52738505 12,14385616
10,05473058 9,79996827
2,98199863 0,14027052
-5,42746704 7,61027967
11,97320081 6,95646655
1,47015629 -2,63526297
12,36533863 8,39620569
-8,04977296 10,2355384
-9,3044775 10,08520645
-6,13668981 7,87277908
10,39886278 6,16412971
-10,22168363 8,36437882
10,0698564 5,96220536
14,15608589 5,50479639
-9,93966725 11,15103278
-6,15998587 7,3939438
1,1106963 1,17144287
-9,30087212 10,00488476
10,04143709 5,92714829
-4,67045151 11,81671162
-1,76413094 -0,39617719
9,72984909 6,88123634
2,65539148 0,99702881
-0,54146948 -0,54565564
2,64782158 -2,5265596
-4,9552037 9,56469062
11,6908618 5,61305316
13,52444448 5,64335478
3,35473253 -0,22121641
11,90790863 6,75508956
2,76821113 -1,73436478
2,02571615 0,79590076
-4,97152999 7,52795332
0,54955465 0,25646112
13,85384494 9,73767097
13,69645001 9,11555458
-7,94227244 11,34334681
-8,17461018 7,55951194
8,64155674 7,41764248
13,37138512 6,22433987
3,18302408 -2,38500644
2,45145498 -3,88739861
11,85621613 8,21205385
-0,04105788 -2,04888387
2,66694631 0,84239441
8,64216079 9,64350939
9,50796276 7,14893798
14,09249934 5,67847033
1,82282531 -0,56546719
-10,03437892 9,40979145
10,75931764 9,76110495
-8,49489145 7,87804012
12,00902052 8,06264632
9,89611692 9,62925133
10,51868479 6,102549
9,53162653 5,2547547
-5,70506873 8,30805463
-8,13109888 7,63844649
11,93538982 8,37004588
10,45303927 5,45398201
-0,8741858 0,39964299
10,96881259 9,58718811
-5,38106908 8,85985835
-6,58707817 11,05321382
-5,60983818 9,11302529
-9,09211983 7,76619383
9,87639573 5,41530533
-5,41764211 11,57304679
1,64093138 -1,4405227
3,43494451 -3,29822535
9,53900749 6,33483528
10,79794518 8,6245328
8,63572973 6,63964704
1,26632783 -2,17263758
1,40196935 -3,47952755
1,58305033 0,09356919
-1,26159544 -1,54577357
12,16100151 9,59152051
12,81142431 9,92400987
3,43059272 -2,78652077
12,62585334 7,76764193
3,56789504 0,33573494
-4,59716745 8,88597793
8,54719308 9,90212813
-0,94146818 -0,82721221
8,547355 10,21935247
10,40023691 8,00758217
2,47603751 0,63233107
-9,27549333 8,81464416
11,20474255 9,42371425
-8,42056263 8,03688831
13,02577098 8,25360597
12,96934347 10,23383607
-9,03792384 9,45830923
-7,41563768 11,41128973
8,74351644 7,23688785
8,49608036 6,38121926
9,38920865 7,89404365
-5,15904992 11,19455849
2,4875833 1,01044679
-6,10059363 10,5297776
-6,5117055 8,63054102
11,72529919 7,12792201
-7,75662723 8,30767737
-9,48941812 11,31115807
-7,09932629 8,38886616
10,59493449 7,895722
-0,70780086 -3,15422471
3,02222039 -2,0866782
3,20614944 -3,89466817
0,13923197 -2,72529966
-10,18129815 7,72605156
-9,15956436 8,15564539
-8,09941154 8,56663149
-8,60989655 11,16650845
-5,636122 11,02994418
-8,48573439 10,62741624
3,21004287 0,97785864
-7,1746245 9,19971875
-9,50244108 11,42091215
1,66324616 -0,66999619
2,71122483 -0,60308696
9,86615108 9,29810384
-10,26211875 7,98698618
-7,24442243 9,66388632
14,02323051 10,15861605
-10,21256953 9,71786411
-9,92893278 8,93208252
-0,92280935 -1,57366706
-9,77659147 8,01122896
-2,094316 -3,38917226
0,44451144 -1,13848319
0,76734014 -2,44208668
2,64562392 -0,41693607
-8,60382993 9,12358614
3,48214944 -3,85797921
1,45256946 -3,79608475
-1,97329728 -0,02637923
3,03433317 -2,42603259
14,10787926 7,90053569
1,94635222 -2,5589676
-7,90431356 9,27565802
-4,83353447 10,77536724
0,66997903 -0,03432265
-5,57370365 10,84472466
-1,30899116 -3,10160499
10,24747295 5,89506462
-5,04007846 8,78993018
2,82190528 -1,79920193
3,23382011 -3,4347052
12,33263125 9,93788453
-7,78445247 10,77889886
11,56736382 9,29525855
0,48124289 -3,8752484
3,45972142 0,86026032
10,07795314 6,71668974
-1,99435943 -0,33381915
0,54204423 -1,8826599
14,00286063 8,42723176
-6,49033455 10,53336301
-2,01881038 1,05518687
-9,21601841 8,04446476
3,50529579 -1,26697302
9,48697977 4,99331977
10,76764883 9,05903048
9,19448157 8,59768361
10,53003808 8,94082724
0,42688658 0,35486524
0,18844251 -2,07734645
-7,8328804 10,99241167
10,88330306 7,13017567
-7,71335715 10,57340245
-4,82675124 8,17788435
-7,23512964 11,38525371
9,15476204 5,70791225
3,51053804 0,82692092
9,14775902 8,43785597
-5,65771177 8,17968055
-9,37936861 11,94823592
-10,26154535 9,25172069
-5,63895819 12,25723769
1,15447897 -2,63767361
9,41561823 7,2016979
-7,6257988 9,21189967
-8,52061218 12,28622873
2,07304567 -3,05965638
-5,53480447 9,67208235
-0,72528042 -0,72839929
-7,15513314 11,77134301
13,20741194 8,72850631
-9,62829169 8,35107604
-0,62388832 -1,93759693
8,93142229 6,80289431
-8,04198602 11,24963372
-9,98924308 10,07437048
-5,3296083 8,25308196
-0,59198436 0,44252428
0,30742525 -2,93380368
11,1285276 8,77852866
2,66946075 1,28202292
10,88951767 6,385062
2,83073923 -0,03588314
-6,79269928 8,90845456
1,65440059 -1,17800656
-9,29356161 8,50530016
10,73217202 5,37978463
-7,40100228 9,83745276
-4,3436538 9,46656268
10,38150206 8,19517828
1,29184094 -2,28895141
0,50416449 0,8079539
11,23507678 5,15684819
-0,07957223 0,45622367
-7,14802383 12,34282643
-9,87246018 12,51449976
11,97490353 8,56573137
3,34195217 -0,07276453
2,46764519 -1,84016424
-5,57260488 10,77597315
10,805905 5,21488903
1,01770661 0,71033524
-4,33937982 9,59246174
8,51468938 4,99358081
-6,09988006 10,9530825
2,34455174 -0,01269252
1,17913712 0,81774183
-1,83771407 -1,73577494
-6,71714866 11,30520511
-4,80880864 8,91518304
13,09909591 7,97929107
-0,52721827 -3,81715143
-4,95420609 7,97004861
-9,88549256 7,61504933
1,11308694 -1,76414605
-6,07506822 10,34058852
3,55466969 -3,33380753
12,62345287 5,32983087
13,12695178 9,11120682
-5,93592399 8,09115141
-7,64143136 7,92613353
-9,75598067 12,24171141
11,53431482 6,82594947
3,64434714 -3,86965099
-5,13518926 8,32973156
12,70990882 7,1713198
-9,37233441 11,1905564
8,35260834 7,38627894
-9,71385561 9,97488829
-5,70399522 12,57782779
8,65868499 7,58692873
12,74400905 8,18455
-1,35648703 -1,09793762
13,52884429 6,56013526
3,72376556 -1,20941962
2,87237587 -0,05292999
8,6648585 10,21638635
-8,66840916 8,48225794
2,13930294 -3,82413101
-5,00007898 11,10444844
13,61452012 8,41892234
12,26415306 7,97577057
-2,00794078 -0,24731635
-6,03321091 9,94876347
10,97329386 5,86580881
-5,34453438 8,70443228
-6,86363606 9,37207496
9,17587649 9,00423272
-0,76145319 -0,0395573
-0,72483874 -3,53951551
-10,15732356 9,05439833
1,51309788 0,49070974
-5,79084866 11,74497272
-8,27288421 12,23457835
-0,51347388 -1,60188777
-9,77921305 10,04750515
-7,62174459 8,0131924
-9,89977738 9,73945684
1,56948254 -0,71561423
-2,0015358 1,02955822
2,0236913 -1,80275938
-5,84409543 9,97239518
-7,82682104 11,86019767
13,02168319 6,8478094
-5,05648261 10,56462095
13,73387761 10,01100565
13,83680086 10,04658496
-4,41870587 10,85988592
13,55645562 9,24487916
10,85203192 7,62375559
1,08055215 -2,51918348
-1,86269821 0,20675744
13,18405673 6,69405908
0,1636504 0,34069383
10,68589296 8,15830765
2,211143 0,01809922
12,50882236 6,871428
11,7575161 5,91420343
1,51958751 -3,26199642
-6,34918006 8,98572384
2,11663533 -2,94270271
-0,70452539 -3,08513276
2,23177934 -0,1345183
-9,84256927 7,8140727
13,05727147 8,69279001
-0,26723008 -3,52204962
-1,93866051 0,92643167
-1,74821759 -1,17327213
-7,81234688 8,45661121
-4,33987255 8,40469847
11,41027519 8,3437358
-5,50553853 12,10231659
12,59037391 7,72746577
-5,07804564 11,97346318
-0,69613335 0,60440502
-0,02002347 -1,2452192
14,2405302 7,59825588
-5,12025473 11,91751998
3,17418691 -1,94538073
-9,4456563 7,82545013
1,80677292 -3,33120208
11,5937737 9,0379676
-7,368945 8,25509338
13,80241124 6,06223364
-7,22965068 12,21955847
3,70891114 -2,78550376
-9,47067417 10,32920525
13,55874793 9,79405905
0,14401645 -1,08396951
-0,86826833 -1,51507798
-9,37983874 12,06764544
1,39996705 1,00898081
12,09803668 7,28767551
2,28209775 0,95103401
10,69503193 9,8375171
11,53734355 6,19938051
1,52057226 1,0929724
10,22028136 9,70914694
10,96023703 9,25531005
11,29788534 8,27386722
-4,6225365 8,55647747
11,1789605 9,43090855
-8,47328958 7,94593627
12,473126 8,20667833
-0,27972123 -1,11451636
12,69290276 10,11967683
-0,25374937 -1,30005922
-8,79808993 11,73170435
-5,39951782 7,56763901
-8,39006805 8,81336889
-7,06913802 9,98951884
9,28511909 8,42235184
1,13804727 -2,4698242
10,23810428 6,6840342
-0,56563364 -1,7942186
-5,0998544 8,50492644
-8,83763229 8,43791463
-2,13224031 -1,76674268
13,73982873 9,83034945
9,87405857 5,61530069
-10,24996473 8,39708751
13,01259159 5,28758551
0,76780761 -0,84653072
10,2258685 8,40298023
10,53677571 7,59622965
-0,76299534 -1,64334677
-0,37767616 -2,97605509
3,61155635 -1,00105152
-1,09436981 -2,17062109
-4,87625234 10,86679715
-9,93460551 12,51601301
3,52004034 0,2527276
3,07088988 -2,08568717
0,80662227 0,7830364
-4,74005464 11,14089116
-0,02730807 -3,22802403
2,86689747 0,7324861
11,40409974 6,10986171
13,68498312 7,54795029
12,6635982 7,5257834
8,73140227 9,32718814
-5,89282229 9,99111515
12,61044594 7,41641801
13,83989202 9,79863412
-0,67735743 -1,51683595
-1,7541789 -1,16873866
12,20926478 8,81681412
-8,11978468 8,7144946
11,59097533 5,7358447
10,09424278 8,52755091
-8,87584062 10,40955353
-8,69014956 12,1536579
10,03517679 9,32632519
12,65806301 8,54770991
12,18307468 9,650343
11,63279933 9,00154918
11,48160345 6,30956025
3,44611958 0,69518509
12,41263651 5,44936515
2,14952777 -3,54446442
3,32386858 -1,97696487
-6,63974794 8,58123894
-9,17511012 7,87656807
-10,14558874 10,70577536
-2,03300242 -3,04744018
14,08074323 7,89654104
9,83921348 9,74202184
2,18968069 -2,29165195
3,67623888 -3,37364744
13,29482166 7,51377302
-6,46619232 11,73712469
9,96522524 5,62264594
10,40953519 6,58347618
2,34616121 0,1840802
-5,60445718 9,39797586
-4,60272287 8,86055398
-1,80039131 0,62215623
-10,2394367 7,88511668
-4,50063857 8,85996543
-10,00028292 9,1430678
8,80510506 7,33545721
13,66083551 6,35795946
12,72297318 10,01541642
2,35068952 0,3581222
-9,71793549 11,06173841
12,12848861 8,91495211
0,16950408 -3,67111824
-4,42851415 9,35055671
-5,48892526 11,44785107
12,70233003 6,64518428
-1,08970483 -2,14831881
-4,6215537 9,5117569
-7,18265631 7,97261318
-9,2704392 7,76025974
-7,68919331 9,2491537
8,89376575 8,67843972
-5,25137741 12,52706063
-0,54364828 -0,77409597
-8,9926797 11,74509873
-1,74394689 -2,77316495
12,28964629 7,44013296
-9,75454093 9,86546694
-9,87590005 12,45105861
-7,5664742 11,60945302
9,29692782 9,26334412
9,49357506 8,01288319
10,4067306 9,66345125
12,57564912 8,62215239
-9,51716585 7,94054054
-1,55040423 -1,14762217
10,58214189 5,06454557
-2,09024423 -3,20635884
-0,00444711 -3,58015818
11,461832 8,43399564
-5,62608153 12,62004673
0,11366221 -0,42497687
-1,50958773 -0,42772228
11,20089794 5,61774434
12,58924344 5,73799768
-4,8240601 9,03397297
1,69967635 0,25657862
10,83146156 7,05892583
-1,58179666 -0,44280338
-6,07623575 9,05444218
-10,20454214 7,64195711
-0,3674135 1,24974707
12,02793375 6,81120932
9,39623739 8,86280436
1,38191326 -2,96183749
9,10546687 9,20824624
-1,52161823 -3,41027187
9,45514552 6,26391209
3,11350486 -2,87989483
12,24708363 5,36599005
-1,59269994 -3,11890157
-8,14163216 11,1873005
-8,64324847 9,08493204
1,50911105 -2,87660026
-10,26466003 11,82299773
9,60183869 5,75502112
10,19221338 8,86046105
8,45252081 9,12758211
9,87709619 5,48430191
-1,14560808 1,18917293
11,848533 5,88422913
0,26216026 -0,69567286
-1,10247118 -1,42854818
-9,14769128 9,22078121
-8,2597868 8,1994797
11,52438272 8,36580105
-7,66059186 8,05272354
-2,11598688 0,22118984
-0,28832947 -1,28213997
-7,03836444 12,21137244
10,65097846 8,33889766
11,21242412 7,0134709
14,17173484 7,10789935
-7,76464344 10,61169403
8,56411525 6,37646902
-1,57372256 0,09144828
10,4401055 9,66944887
1,77250507 -0,44662926
13,88841212 7,90518009
-9,78690734 8,70569522
-0,77234369 -1,85996363
13,11865933 6,1885375
11,53467107 7,39003943
12,03052983 7,96858507
-5,4717952 11,24601653
-4,8986921 8,07933952
0,03154182 -0,50687867
11,44727849 7,14695125
3,67091557 -1,57030324
10,65813426 7,60032648
13,38310128 8,10303488
-0,88232549 -0,00295446
8,35193443 5,39581202
-6,34856467 11,21641752
1,88075349 0,95901566
11,60865508 9,55275917
3,54242259 -1,00975054
10,71510258 7,00370526
-6,69027969 11,81645293
-1,76897971 -0,09602074
-6,22889394 11,76539843
-10,24257884 11,26049491
12,8323345 5,70470101
-7,67953651 10,78127413
1,22019489 0,07576173
-7,96379677 11,96873819
-4,87109639 7,55227504
9,71042894 5,31140133
8,5959287 7,54487682
13,20615029 10,07046809
9,64342542 5,66819999
10,8980575 6,80075152
-5,17220093 12,3928947
0,29291044 0,59637828
-1,83660164 -1,43089662
-0,88645447 -1,68287083
-0,83510133 -2,47619384
13,06813465 5,10907678
1,14291807 -0,6043603
3,34045905 -3,91991831
11,02317594 6,16484876
-7,609118 7,43604062
-7,39789665 8,29523639
-8,24302152 12,56413898
10,56322638 6,22161088
-2,10245243 1,07630823
-5,95752308 11,67775291
-5,81553164 8,10079542
1,22833926 0,17862406
-9,05228611 12,04278048
-5,76680954 7,44055864
-10,11476926 10,10984193
11,90773218 7,37998549
-1,46271435 -2,32188284
13,85663057 7,47283984
3,70372642 -3,35259828
3,41724567 -1,73846265
12,85977339 5,28192671
-10,21780459 11,99304742
12,18746209 7,85918587
11,1021626 7,27627941
-4,8336045 10,81240454
9,84610212 6,00067118
-4,81953834 7,99108848
2,61443174 -3,03336977
-9,96466149 8,13854015
-5,94650222 9,82214982
-6,42675677 10,64221668
-4,89910473 9,4772734
-8,93854289 11,5448983
10,52837054 6,39346225
3,55190053 -2,63356281
-5,00642912 9,30421176
-2,00058741 1,18772669
11,48507893 8,94119839
-7,57946669 10,0169719
8,38609732 9,32851075
2,27960266 -0,8742188
-0,13401919 -0,87666759
-1,75989475 -0,74175783
-8,399734 12,30531917
14,2065154 9,76561277
0,49261155 0,65168031
3,62186144 0,11871588
-5,36836827 10,01750571
-8,55048737 9,25210375
-6,98258044 8,27687981
-5,8095857 11,71825714
-8,64706744 11,78958942
13,48364246 6,63576018
-6,1504047 11,62016832
12,2855409 7,07333667
-7,2673583 11,0722091
12,84941239 6,71576066
2,62385965 -3,18777095
3,52250239 -3,11900694
0,75844615 -0,72321099
2,33950961 -2,03631701
8,64524595 5,76266695
-2,11022165 -0,55582528
13,60399486 8,07393839
12,26661446 8,47209367
2,90369417 -1,91348459
13,85725674 5,06497319
11,23581962 8,23696984
-6,75623379 12,52595973
-0,53341097 -3,47967507
8,46630078 5,41372402
13,44578316 8,66583647
11,50379388 6,76031107
0,29723293 -1,71759834
13,25971236 9,09649218
-10,16042043 12,41115799
-1,19484267 0,55903192
-4,84501274 7,61198888
2,25408821 -1,74799427
3,52752081 -0,53698193
11,66300022 6,27678246
-8,28629118 11,78979168
9,45473912 6,26500593
-5,82503784 11,95177766
-9,34317087 8,19822792
13,3726076 9,48954683
-1,30180106 -0,40480729
10,25089839 6,88138255
13,33112456 7,58653648
-5,19154527 10,20680212
0,95353857 0,39874507
-6,18644713 12,27355267
-7,10728758 9,18451418
2,92049796 -0,90626887
13,86432157 5,05150298
-1,21501766 -0,56538602
-7,98816646 12,47355948
-4,5403037 8,11658755
11,59779425 9,14067344
-8,31610097 7,693698
11,87403823 6,31587328
11,79364263 9,82110083
-9,76756973 8,11704267
0,16257602 -2,81464491
-9,39830846 9,17781866
12,02788061 7,29209202
-10,2605481 10,64890941
-9,48774671 10,64811732
0,53262935 0,06380903
-1,65790824 -1,96692905
9,81850194 9,07704923
9,39833129 10,08089454
-0,98850387 -1,83757454
-2,07391892 -1,03667248
1,30501752 -2,8585926
-0,7877152 -2,17755924
10,6993439 6,94922154
12,38899253 7,0838836
-4,7587595 9,17252378
-0,84149726 -2,46051898
3,75691112 -0,29047211
-8,12928097 9,28546619
10,32140352 9,16604409
-8,88612649 10,93958068
13,98485013 5,88081251
9,10322856 9,39233756
-1,07214131 0,81228276
-1,45032929 -3,81775521
0,48543178 -2,43121269
-5,79624211 8,47221662
12,40910871 10,07999986
3,33027314 -0,04930685
0,51598323 0,44358047
-8,1936124 8,7611396
1,00747629 -2,30565957
3,20760698 -0,97961594
-5,28096202 9,02903878
3,14194769 -3,85949785
-9,27781683 10,90603523
10,65116161 6,51698543
10,52593778 5,97925416
0,04428125 -1,71410574
11,29194398 5,19612951
3,05333657 -3,65822846
8,88183782 6,2191691
-4,79134134 9,40613111
8,79836219 6,90477476
2,20991235 -0,84259145
2,39088784 -0,71220136
11,00749642 6,68986227
-6,60902261 12,40344576
-1,66062543 -3,85416523
1,00408452 -1,72663792
-8,73503772 8,32405324
10,65421821 6,69379839
-6,10690422 9,39211102
9,2540737 8,52662488
2,07095737 -0,31324165
11,19750587 9,1908389
0,32587942 -0,86373934
10,40368035 9,35742517
9,29699909 6,36741507
-6,78041272 9,75610553
-7,637586 12,5522422
-0,03784646 -3,47875556
-6,73173796 11,05829688
-5,82882106 8,45180083
11,0332251 9,66860183
8,47992508 5,04511695
12,44147272 9,18262025
-4,97754412 8,52998912
2,99749381 0,10211405
13,18112593 7,3909438
0,9753184 -0,18035948
-8,50161291 12,44577034
-1,0546662 -3,66586764
3,24088911 -1,61753246
1,93287724 -2,86009415
-10,03401216 8,26191332
13,00865667 6,27439969
10,78419582 5,79750325
-1,89679903 -1,10275738
-1,53333042 -1,82890111
-7,90056658 10,90170114
13,00907972 9,34341849
-6,84459131 8,52372833
-1,55127623 -3,55866937
-10,18699675 7,49161866
2,86651431 -3,42879622
-5,43818686 12,44753158
3,23580375 -1,82961295
-5,10268208 11,92298356
-0,35352729 -0,30526782
-6,41446605 10,41485152
-9,64497848 7,83559707
11,28174169 5,74561113
14,21974993 7,63706817
1,56354594 -3,87702631
10,81146604 6,30480471
-7,5054811 10,95370929
-1,88235109 -1,89389711
13,97559381 9,68791343
1,00460543 -1,64644658
-8,85799285 10,48789003
0,46728285 -2,64347476
-1,90158102 0,50181265
-7,21063879 8,22566469
-6,05146263 9,50883525
-5,95803614 11,69094021
14,11000419 7,25440723
2,15252727 -1,34406671
12,90150336 10,05606995
-8,60399478 7,54925585
-6,81908847 9,24046871
9,34818942 8,12132651
-0,6473461 -1,17064458
-4,98809159 10,58341329
-10,24905613 10,4377611
3,41647896 -1,4341474
-1,91640555 -1,96737061
-0,25745391 0,46165061
-6,51995006 8,89647968
2,18789171 -3,30981347
0,74048736 -1,835369
3,56743572 -1,95803464
-6,82366726 10,25793073
-9,95350015 11,36194367
-4,34646089 9,42208099
-1,8520335 -2,16571611
14,18892602 5,28115103
9,14301202 9,16643703
-9,26544471 11,44391979
10,80654621 9,82290015
0,78314638 -2,86704259
-7,74777448 9,5863881
0,43870038 0,39266534
3,55754592 -2,15280147
-5,76348137 7,89294479
-7,87620297 7,51504179
-0,82630869 -0,87039751
11,50864695 7,71487459
2,87914217 -0,22476902
-8,81528394 9,9201113
-8,88748719 12,54614299
-9,28096467 12,37360212
1,53231695 -3,09553911
-8,09687242 10,96305122
-6,58077777 9,87076849
-1,89026063 -3,2317548
2,63368132 -0,56799371
-7,27019395 11,37250747
-6,91924027 7,70350244
-8,91859264 12,11853425
-5,6848534 9,69274917
-1,05422182 -3,344431
2,52918611 -3,30876048
-8,88134364 8,06850127
2,55253796 -1,15414749
-4,77807218 12,61419741
0,35563196 -1,7080873
-0,8969382 -3,42168275
12,29451911 6,17976085
10,82117224 5,5494914
-8,15626765 12,31064648
-5,80251713 8,88597459
-10,12663618 7,72819854
-9,17424123 12,32572726
-7,59701279 9,84742142
9,6375819 5,40196596
8,78206383 6,7753067
13,77604466 7,23597233
12,07334789 8,02377762
-5,68201151 8,45281656
-6,05226618 8,7845184
-9,56425282 8,7220524
0,46756051 -3,6601923
2,21310333 -2,36286114
0,59598232 -1,71469176
3,01599894 -3,92677406
1,1513621 0,47183987
9,57198429 8,29268567
-6,34500267 7,58754197
14,15745066 8,85908403
-0,26925251 0,94262324
-6,79317644 9,61667023
-6,89413703 9,80397222
-6,27010497 7,40279142
10,44149697 5,46892803
3,35596633 0,77347715
-4,69359016 12,1359872
-0,19956895 -2,11579147
8,60912909 9,81995686
-8,9009639 11,89778994
0,03478299 -0,90152088
-9,78240479 7,56389895
-9,53358479 12,5584247
-5,56574757 12,34172385
9,61220124 8,74286194
11,65932688 8,12093022
2,92434455 -1,29431052
-1,85819592 -2,26551495
-7,80657516 8,95304493
11,34780589 10,23896461
-9,87834018 8,16263292
11,20428823 9,81247931
3,11665216 -0,5034914
-1,81227493 0,38716146
2,51321176 -1,6111449
11,33878023 5,33464587
-2,11736778 0,73725587
13,71708425 7,32027919
-6,69300687 11,27017543
-9,59722043 10,5091095
-8,79991594 12,60582283
12,51857428 9,00161378
-8,07335822 11,0897675
8,5720458 8,405873
12,87728817 6,81966374
-0,39935187 -0,95551219
-5,5743654 11,50181164
10,3412596 5,5257167
-8,4173779 8,13079358
11,46581963 8,73736783
10,49976005 6,99219585
10,3140211 5,46204054
-9,2067212 11,94102932
2,71624338 0,85187902
0,14683203 -3,22716624
-7,69119262 9,65079872
-0,94069927 -0,28248433
9,28816529 8,41249857
10,51379646 8,12732567
-6,4551631 8,04756559
-1,86606853 0,12914239
0,93226333 -1,61809249
-4,72678156 10,01331716
-7,52396509 10,49220507
12,26756049 7,53535975
2,09681826 0,23933307
1,51840211 -1,88141646
-5,08423693 11,55514519
-5,56661874 9,66221539
-7,97517426 10,24979281
9,61525153 6,21201847
-5,84578799 10,86892997
10,29900381 8,47654387
1,47810703 -2,21669367
-6,15313887 7,65253883
11,7296745 8,14197619
-7,40570638 8,7099133
10,948416 8,46731917
9,35811111 8,62257233
-9,52618177 10,93187122
2,2520035 -3,93825605
-9,52737192 10,78529114
10,08148778 5,55109914
0,58531847 -3,86011427
-9,90919916 10,54936116
8,80592801 7,26817855
0,31176104 -0,29493124
9,3483202 8,01679953
13,80453723 10,24035251
-0,51034066 -0,40124006
0,29633314 0,37643184
13,15938384 10,0950364
13,18460479 9,41122528
2,95101621 -0,42250182
11,58912686 5,45383145
-10,0464989 9,59497761
-9,02215028 11,90480046
-1,05901377 -0,84532753
-0,66276852 -2,47508525
9,87885248 6,68727638
-6,40945789 9,42622336
-10,23297859 10,8153639
-7,98804303 10,80719062
1,39767856 -0,01208934
3,68563743 0,90724962
-9,57339758 8,23610425
0,48611942 -0,60786283
14,26227735 8,03647871
11,32610483 7,27729294
12,66394823 6,35560986
10,39627081 6,76078856
10,51634424 5,43335063
2,48237629 1,03117259
-5,22898255 11,06355567
9,59093683 9,1844233
-8,09641236 10,94288351
13,62618464 9,53144354
-10,26302653 7,63703191
-6,76463963 10,78902725
-10,21990108 8,88046745
-1,97222755 -0,60871498
-0,31623422 0,06777333
8,75838819 6,009558
-9,79477035 10,71362625
12,47086606 9,34937946
13,97968955 6,45968125
-1,14036937 -3,6604863
-9,77565282 10,00829991
0,15893193 -0,0897164
-7,40983384 10,09771214
1,87235432 -2,85138487
-7,58097146 10,66668753
8,42224684 7,98196623
10,7555254 10,04897005
-4,99616152 10,89789911
2,30196148 0,65133163
3,21474323 -0,05276672
-0,36433687 -3,70812281
12,32787836 5,28070125
2,02032913 0,86763584
10,62093969 7,64722868
1,93845441 -2,57571295
13,11117511 8,1858941
-7,61875947 10,30548767
1,36214765 -1,65906769
2,88968459 -0,27404636
10,86750754 8,08204655
1,27277704 -3,65656125
-7,37446555 8,78747243
-2,11184134 -1,8899279
-6,3359383 9,23711008
-1,05998062 -3,73049426
-8,25016706 8,82066113
-6,20106911 10,66667652
12,5836226 8,94348857
12,63739528 7,01157567
2,66882636 -3,04702887
11,41298837 5,30428307
-5,83001743 11,09139164
3,58450838 -2,10362132
3,00209098 1,24000197
14,00804672 6,54384824
-5,09317119 7,782715
-4,43942289 10,26110202
0,38992836 -1,35574205
1,79137193 -2,5210002
1,94725557 -0,36306832
1,04645955 -1,15275251
-7,74440169 7,48224151
-1,61497237 0,31568159
-9,60108676 7,63577611
-1,45767027 -3,5712003
2,61962944 1,06629873
-6,05624942 9,68286313
14,02610467 9,10267043
-6,89960827 11,32347638
-1,08850089 -0,64263774
12,47213507 5,01681582
-0,57163242 -2,99088394
12,09344514 8,54341128
-1,5283904 -1,95430594
-8,16112789 12,00787281
-5,09102239 11,90470444
13,27734414 8,85258108
9,85034786 9,86659183
-2,15571464 -3,69238955
-6,29434298 10,90146036
-5,72570843 10,2173975
10,89273894 5,2681507
2,3559736 -1,31465309
-9,05042255 8,35533408
-4,38031562 7,84374342
-4,82977589 12,32691302
12,09064618 6,54810605
8,99367535 8,6682795
-6,21369183 8,30017143
10,66999082 6,96499444
1,37581069 -2,37674483
8,60054819 8,49131
-8,50584579 8,90374101
-5,53622864 12,31423096
13,60595155 5,46923429
10,2596613 7,90463245
10,42949601 7,44833304
-6,70630131 12,60830041
0,37676371 -0,04254681
11,91188772 6,58406327
0,02964333 -0,11088823
-8,3112552 8,98992172
-1,90041812 1,26239402
-10,12912919 9,48043371
-0,07993634 -3,00669521
-10,04699433 11,9353102
-0,76550256 -3,08413529
12,92517734 7,15809624
11,05051966 6,22534237
10,94972862 6,98454367
2,51965711 -0,3526518
-1,6491109 -0,57293242
0,16679292 -0,56760562
12,14691901 6,38795782
13,92754309 7,43555323
13,29437677 9,52750524
-1,2244905 -0,4184086
-8,93286987 10,48491817
-8,74186783 12,57984171
-6,09670142 10,34084702
-4,6472691 10,20870807
2,78516238 -1,4848035
12,62367051 10,01680016
-7,71570593 9,81110397
3,47051814 0,80295971
11,60863224 5,73583318
10,98613433 6,9875992
-7,60733712 12,50043443
1,56280641 -0,02373026
11,37148529 8,92676008
-5,89637055 11,56354324
1,77663978 0,01325806
-9,42536287 9,85821857
-8,75874573 9,30711531
10,93557453 7,01918462
3,63003232 -3,29287009
-7,33088554 7,46063237
-9,59965452 8,05873915
0,85353461 -1,45394174
9,5330236 7,18726042
2,98639316 -3,85234744
-0,3008052 0,5156897
-4,94965982 11,46685796
-0,80018019 0,87517047
1,18255793 -2,31103657
-4,97298005 7,59565663
-6,95525011 9,14279735
1,52231837 -1,27601267
-1,50044736 0,72558848
-7,83727532 8,27054459
-1,62350718 -2,34247136
12,92444598 7,90241873
-1,14706864 0,88074271
-9,29890634 8,71450538
-1,17062211 -3,57846549
8,73052434 5,70895533
8,44576664 6,40069633
-5,54468714 12,03093882
-0,26779996 -0,99574289
0,55288958 -1,84094716
-9,12700488 7,52915085
-0,90222048 -3,88429744
10,90132697 5,9658218
-5,83183523 11,07956891
-5,42758246 7,71726174
-0,0502685 -2,79657968
13,62208715 9,64663998
11,16897625 8,30978193
-7,03796585 7,89823164
0,89021228 1,09086622
1,76403211 -3,48174543
9,38533124 7,7564251
10,39372029 6,44480815
-1,28137335 -0,55075616
8,35272332 5,97433308
-10,17512947 12,55057266
0,21431216 -0,91271455
-10,26209168 8,09535085
-9,46647424 11,89122474
-6,22644556 11,94288627
0,69668962 -3,21646394
-9,36228273 10,36332626
10,85484485 9,92837197
9,33769883 7,24071942
10,547317 7,04293084
-9,79557178 10,87615157
8,92434497 6,60725984
-4,53665586 11,04030545
1,35686087 -1,60212778
-8,14262451 10,31979568
-8,74029877 10,05498692
-9,34052611 11,86856431
-10,1101447 9,68633384
10,04481264 7,59392351
12,47527415 8,7216928
9,12842149 8,81733606
-5,26161976 10,77582965
-7,46018253 10,5141598
-5,32533687 8,66377639
-6,39575352 9,5910129
12,84059026 9,91809127
-9,30228136 8,06526828
-10,24490666 9,44679853
-7,61093204 9,53443012
-7,13319927 10,11201226
-4,88205383 11,40847603
-10,10517694 9,80343092
9,6871607 9,1244056
9,30525627 9,76363098
13,21828684 5,37773824
11,77275212 9,39687095
12,97239895 5,97311222
-8,64239569 8,52363724
0,27939758 -2,77864162
-1,95371342 -1,01385425
-7,34924723 12,00345626
-9,41777313 11,47123479
13,13130783 5,81008432
11,68910545 10,17650245
10,96594548 9,7312898
3,47949769 -3,60657276
-7,22008943 9,40103065
0,72986583 -1,31543285
1,95428035 0,38007908
9,9921616 8,38017854
14,01605143 6,36333744
-1,75554008 -3,8756481
-9,48816838 8,64432718
-0,30503934 -3,2348792
-7,51785877 11,51524405
-8,84695242 10,91398013
-9,56206738 11,0755799
11,24933506 5,55165041
13,74957119 6,79908929
8,40697282 8,55497111
11,91464838 5,89711021
11,68990017 9,52584015
-1,92904708 0,82557358
9,60838092 6,54752766
1,34458337 -2,82173465
10,53221932 6,63316695
8,74262421 5,83368844
-1,55982577 -2,85979145
12,68312833 7,963096
3,2582486 -1,75087599
12,77327479 8,0569188
-8,91497816 12,19277305
12,58612916 7,61311786
-10,18170029 8,30661352
-9,90158279 10,72412849
13,91888241 9,53789141
-0,39548946 -1,87912434
1,54796588 -1,44575891
11,18085514 8,84785748
8,95695955 8,68637544
2,46049721 -0,8907247
11,44096845 9,86017271
-1,72076625 -1,42473282
0,09528294 0,67466106
12,94874316 8,11632493
11,10360392 7,38197449
10,3186933 6,97625175
13,31369223 8,3660052
2,90899066 -1,6430649
-9,9966517 9,35088341
1,83145802 -2,27109089
-8,56817699 12,06876099
-7,02178383 7,78157991
2,02861369 1,04819405
-7,92122639 9,89407419
9,52849139 7,86172272
-9,84609909 12,51132563
-0,46140404 -2,38076495
-5,70193363 12,08516004
-1,83212201 -0,24367137
11,34377678 5,08332403
-7,95833888 9,2418172
12,23574918 8,74698242
2,80058437 0,1108965
-4,65179702 7,95338579
-1,64999487 0,28392981
0,8654427 -1,76583023
9,05913693 6,0648407
-0,80010636 0,93440848
9,18795716 6,77279805
2,56052364 -2,12252852
2,81717839 -2,11185029
3,10754426 -1,46568096
3,27955696 -0,40791597
2,59957299 -1,18616935
-9,40364529 11,59423677
10,78425294 7,32795375
-5,28981112 7,3936004
-6,25970265 12,34718118
-1,79244962 0,60618206
2,62555161 -1,08117186
-8,2800716 8,53320315
-4,47203914 11,56811036
-5,3262033 7,76053284
-1,36433752 -0,27899926
3,69899037 -0,48754711
10,25292265 9,79209225
-1,80551988 -2,96415786
-10,10055341 11,76898107
12,93769954 5,95085804
1,58473774 -3,58912602
3,20881205 0,43720353
-8,38265277 9,36119784
-6,0785641 9,47932602
10,90736209 6,10987682
-9,24427878 10,21539355
-5,6402065 9,9644024
2,45219095 0,3242468
10,67764324 9,62453661
3,67048379 -1,58139325
-6,55795121 9,22220111
-5,14718105 11,19808664
9,29670659 7,8760745
-4,94747931 7,41873426
-7,35810596 10,58430825
2,67421748 -2,85880393
-8,86168165 8,10583423
13,92200064 5,09854527
-7,69880337 10,13337281
3,6712981 -2,46851955
-1,2725918 -1,64408699
-1,48016607 -0,01625243
-1,19084711 0,84028881
12,43736303 8,2014965
-7,43670351 8,67915134
-7,19725096 11,72514424
1,49844162 1,22770708
3,16437811 -1,35858142
-8,86446899 12,19389679
0,18938771 -0,90401333
9,03559268 7,54893966
12,14176412 5,00046652
-2,07418985 0,69108286
-9,36791694 11,88669444
9,09334028 9,411469
9,15031665 9,83109926
-7,76370622 8,20437065
1,85021255 1,18963259
13,75107851 6,7280732
-9,53904733 8,7354623
8,86166009 7,42282336
11,4104358 5,99752677
-6,50700012 10,07461537
-0,30951464 -0,91447121
9,89853112 9,45878712
-5,97401214 7,65095825
-2,14273484 0,99049276
-1,29970882 -1,1798966
13,82086094 5,29246606
-6,89294729 10,89215955
-0,68005384 -0,32818548
13,47606511 6,13195095
-9,32857581 7,58232722
13,42916801 8,31167609
0,83013781 0,72264508
3,24260921 -0,54640973
8,55285166 6,83759371
10,21052815 6,85044934
11,43135228 9,8521996
1,99371875 -3,59396956
11,91478912 5,66877713
-7,58934752 9,02240689
9,5243424 7,17103019
0,67377605 0,96712075
13,36966098 8,62682407
3,18903644 -2,19611775
-1,95216615 0,12366221
-1,46696965 0,58837113
3,35349079 -0,10157458
-7,6463633 9,04093282
3,42176278 1,03147695
8,71901336 5,85733384
-9,29063629 8,6345677
-9,18914892 11,55303808
1,1549162 0,51431636
-9,84982188 9,65208152
-9,66869454 9,37799777
3,11035868 0,31229096
-0,00036766 -3,42010604
-2,06837617 -3,50971715
13,69916988 9,9143578
12,26106864 8,21222156
0,37039493 0,27901052
-0,31790611 -1,5369906
-5,60514768 12,07203963
-5,17255461 8,85411697
10,86645509 5,53490234
-1,03764919 -1,77998548
10,60788203 8,26911995
3,27059651 -0,40433066
-6,21879184 11,87295261
-2,08416112 -2,5740937
13,2040994 9,12155944
9,92230559 6,71690142
1,42916741 -1,99481658
-6,19627666 10,78215903
-6,76968147 9,61873187
13,43165825 5,33785462
8,59151745 5,65668676
-4,48344009 8,58937539
-1,32986321 0,19420328
13,913413 5,48220637
-5,11537802 9,73689248
-0,9327705 -3,10669245
-6,48046625 7,77574195
11,39375852 7,79144685
-7,29495478 9,61409867
0,79249802 -1,34685614
9,56118695 8,25169659
12,13243646 6,1500697
1,13727445 0,02063713
-10,03289688 7,7768939
2,68091093 1,03931368
-5,6817334 11,99253608
-8,82793912 10,89933324
-1,410109 -1,74297958
-1,35268067 -1,29437244
9,15662675 8,63854759
14,20384978 9,52528917
-10,03922018 9,77790895
3,53098007 -0,30049166
-9,16348675 10,0215547
-5,81374471 9,9148991
1,25461762 -1,04199048
1,5134847 -0,30527316
-1,59608405 -2,12374138
-4,49453152 11,62367162
12,04562784 6,62428058
-6,9991905 12,59791812
9,48865596 6,99369063
-6,68513809 7,57714488
-7,47358382 9,70785084
12,82176398 9,80430523
10,85200087 6,06348345
12,12712829 5,97125525
-1,890554 -3,62850291
0,82515398 -3,17783984
-9,67132794 8,71248831
11,80127336 7,5523132
0,69800064 -2,52816207
-8,95469751 8,78784218
-0,5501333 -1,30495815
-9,63404015 9,65303972
-10,15783623 12,48278866
-0,18973962 -3,47704672
-7,40863749 11,34077641
13,00685671 5,31970456
-6,42114135 8,59120451
1,20460805 -1,42869066
0,46974047 -2,57673314
-0,55659495 -2,02963358
-8,6309403 9,39563603
-5,1033353 8,08709046
10,71722901 9,24344009
-7,41542725 11,29406513
-2,08389313 -1,2907155
-1,39278655 1,15153605
-4,71879268 11,21339407
-8,20025727 9,72486889
11,7196978 5,38470169
-7,41052034 7,7512295
-9,66538664 8,89547586
-0,7941499 -1,46165959
13,23028594 6,39494377
13,7921013 8,98532069
12,21734677 9,87762915
-4,82173663 11,79914968
-5,78937997 11,98937171
-8,96746456 8,32834374
-7,5361035 11,30958466
13,80400723 9,13615517
11,03879451 9,43196703
0,02646184 1,07648543
3,34727702 -3,36122524
-9,80837385 9,21197292
9,84549742 7,48489669
-0,67936516 -1,21196033
-10,18670874 9,39844701
10,24924622 6,31340053
-5,50698544 11,30108372
-7,79450658 7,8972149
-5,32360556 10,80872648
13,24627304 5,82798776
3,33345294 0,42547617
-1,22568989 0,31792287
2,37271766 -2,88977682
0,96581719 -2,19410582
3,51704411 -2,92461054
0,43716055 -2,09294695
-1,16265946 0,98424354
-0,80743391 -0,03675404
3,42823641 -2,7724063
12,47426629 8,8640385
0,64510361 0,52564635
10,39377413 9,7919185
1,45266074 -0,60918231
3,00005752 -0,96340125
10,10587977 7,70568332
11,152713 7,3248514
-0,44222172 -1,39658186
13,66576304 9,68824141
-7,40605629 9,81917918
2,06599222 -3,11312578
-7,17562887 9,74485256
9,38667552 8,90654872
-0,26012632 1,21754845
11,34258241 5,60463453
-1,25971074 -3,90041788
10,35057882 9,87993551
10,81156903 7,46736629
-7,23208672 10,04241421
11,48287309 10,05937481
2,76017835 1,25813495
-1,88889694 0,77039932
-6,74881181 12,35400396
-8,12178697 10,69119752
-8,96647209 10,1767656
-9,01640168 8,58782413
-7,59868876 12,09580504
3,15825876 0,95634784
13,58840102 8,6117969
-8,41480782 7,85727199
-8,78917805 8,46514607
3,08982158 0,26094688
12,83039731 8,05921967
-5,05569814 12,47589777
1,28578175 -2,37059877
-7,83455872 8,78452818
-8,58827894 10,04995122
3,42993249 -2,34948033
9,17338866 9,59069307
3,54007976 -0,13572377
-8,67308677 11,22150878
-7,22780494 8,0902268
-1,79608971 1,01742826
-0,87596691 0,79488159
1,24614737 -0,03315297
-8,09810558 10,01009432
-4,33180293 8,14626734
11,87435262 5,29940607
8,82884225 8,52302058
2,0787975 -2,97825449
11,38992822 5,42847208
-5,60296382 9,28408734
-1,72099461 -0,97466118
8,6635953 9,73003306
-9,11407681 10,99318352
-0,70379508 -0,38387439
-6,13779579 7,42290673
-0,94552329 -2,32918959
3,15985555 -1,36901167
1,1721482 -0,60767633
2,35248862 -2,47639794
9,16716898 5,85819856
-1,75241806 -0,26475602
2,80091103 -1,27174667
0,38653412 -0,55956706
-8,8150027 9,13899043
-0,14534681 -2,33520899
-8,65060179 7,71604982
-5,25797997 7,87521742
-5,01785248 11,05999619
12,44068493 7,4833761
8,53612396 5,24816772
2,27262686 0,74302764
-1,16859392 0,15085647
12,95994589 5,74467094
1,31180972 -3,26689495
13,64275435 8,29887689
0,35585896 -0,95932515
-7,23886986 11,73971145
-1,85559809 0,48951379
-6,23911102 11,34183023
11,96397945 7,10019425
9,14154278 9,29924816
10,77805352 8,13765887
-5,25151537 11,41324641
10,58919374 6,09057997
9,72958371 8,39904862
1,88023398 -0,95661042
-5,12133243 9,10002626
1,28817934 0,69907078
9,97086907 7,3118822
-9,42953689 9,61461216
2,88371399 -1,51493026
9,34827053 6,19780833
2,63902453 -2,0459398
9,74480586 8,60669962
11,31916287 8,90092504
2,2407933 -3,68800939
11,49264655 5,37204238
3,48031506 -2,17595888
-7,47051708 8,02933142
-7,9722869 8,90938555
12,76185511 8,76926857
8,70870132 8,81668241
-0,73445398 -1,02469258
3,66382573 -2,46353643
8,63211243 5,65015882
10,36562835 7,90973005
3,1395913 0,4078794
10,41601282 9,57894465
-9,6261987 11,83221835
11,1881277 8,17360359
-6,51281462 11,78353425
9,64471889 6,09979715
0,41861975 -3,39593172
11,49048024 7,90741119
-5,82380815 11,85663964
-4,71774205 7,66620069
12,05528362 10,0018499
-7,64463607 8,83120915
8,45675667 5,36628323
9,60985291 9,2807659
0,79119971 -1,71683172
1,54265951 -1,04759925
2,15560564 -0,76333567
-6,28274451 8,45002998
3,35934922 -0,20614603
1,80381372 -1,7697915
3,53154374 -1,53571897
12,69120084 8,78745521
-8,83440847 10,68495082
2,7193483 -1,72736988
-10,02583316 10,78303954
-4,60599421 8,42383294
12,27410374 7,77439314
-2,06885128 -2,0048362
-1,7908727 -1,81053823
0,4522283 -1,01237286
0,87926026 -0,63713548
11,14542229 7,25048159
-10,11497242 10,12755858
-1,90096975 -0,25664947
-7,27444973 8,57105506
0,74935092 -0,29433856
10,23285185 10,18707712
3,4096053 -2,83636513
-1,54769671 0,1574019
14,20412101 5,6239884
-10,0997786 11,99863145
-1,11891756 -0,48009676
11,03274527 6,6010197
2,39278168 -0,42010328
-0,94348245 -1,95424735
10,41701681 9,68118773
-9,91052645 11,4574761
2,72263923 -2,42076567
0,66467106 -1,17023694
2,884395 -2,50895221
-8,8100577 10,72520148
3,0777989 -1,82062254
3,19469249 -2,27662279
-0,45577049 -2,58285737
8,37421866 7,81102698
-8,23140467 9,61231571
13,71003633 8,40512816
12,20783647 9,26556597
-0,28833676 -3,08266592
2,43812584 -0,22886824
11,91336977 7,16810272
10,75567227 5,79535451
11,28861454 7,50645932
-1,03870434 -2,33419802
12,69387497 6,52019793
0,90325299 0,00036261
9,75806007 6,2890305
-6,87575123 9,79895162
9,65637063 5,21181078
-9,52553337 8,64955483
3,05543691 -2,27925401
10,4329501 6,74137225
-4,72339438 10,66997671
10,07552855 8,69379478
10,11789683 8,7322547
-5,79663983 9,83383565
8,53060914 9,07871202
-5,82737196 7,58984617
11,49416721 5,90304235
-1,27780462 -3,10929573
11,33294705 6,17593399
2,15492416 -0,92707511
-4,70141214 9,32074067
-6,83097738 9,70123609
-0,97879281 -2,74891277
14,08361812 6,14385033
-6,58904191 9,34774971
-4,41172848 10,14337263
-0,84961369 -0,98995479
3,28692394 -3,85855233
-0,74563568 -1,5750744
10,79760612 5,51513119
10,46150716 5,62041335
14,03190029 9,54251756
1,74193763 0,31078625
3,17902627 -3,83284959
9,32416717 5,50921269
2,90389645 -0,94120851
11,35749883 7,26628544
11,87201948 7,62781639
13,38101892 5,54902205
13,2580356 6,18777126
-0,76596475 0,98643995
13,16585527 9,86047074
-10,09225847 9,5218557
2,73966007 -2,34599307
9,20503995 8,21315101
0,90982806 -1,72014461
1,73843896 0,58544534
2,89477879 -0,73071039
9,23593127 10,09662999
2,66700327 -3,51754131
-1,70994173 -2,4005143
2,55403719 0,46519231
-7,10160704 9,4319285
-6,70479032 8,43452077
-1,17648987 0,62568293
-1,27741185 -2,46994033
-7,27948659 10,92934015
9,84089006 9,93169248
10,24483269 5,51126745
12,21708604 5,93251167
10,46101412 6,45315657
11,2308923 8,02086219
-7,03698206 9,01275371
-0,92372972 -0,51239264
0,73341422 -2,57828283
-1,87345899 -1,89890984
2,49462851 -1,29303191
-9,15441108 8,00328421
10,85811338 6,30182634
0,24973242 -1,87177007
3,6643911 -1,7040279
-5,23368991 9,84932033
-0,75405776 -3,28658235
8,36149171 8,43922199
-0,32342844 -0,30316097
11,93511407 5,93930861
2,9370086 -3,24021734
-1,75490332 1,2862593
-1,70955397 0,51980447
10,81271455 5,90212632
0,61739226 -0,29255418
-9,93477487 10,55614565
-6,58124005 7,74280327
2,18826902 -2,12780967
-6,41447521 10,46107342
-0,57976178 -2,10394601
-1,347217 0,44052655
14,06430974 8,76751403
-5,5110629 10,21807688
-0,41855442 -0,25310044
0,93147325 -0,66595463
-6,48416492 7,75404767
-6,9074557 11,27507562
3,1813098 0,71273375
13,84559021 5,99620029
10,63253143 8,37821327
-5,8488168 11,51033992
-8,07747586 7,91197
-9,81939138 12,22153244
-9,83223755 12,34402446
10,89066088 7,07507164
-1,13840558 -2,04239168
-7,08143429 9,10218719
14,05937531 8,53940413
-7,18618628 11,31756139
8,38983701 5,72782019
12,06636802 7,28036964
-9,65542753 10,95516784
10,85195309 5,96114069
2,51923334 -3,30358809
1,40391993 -3,89336369
14,01012948 10,04954299
-6,68793895 9,41189376
1,33017176 0,33281236
10,91421712 9,79180872
-9,93775918 10,65890953
-1,06195355 -1,45283387
-8,62109456 9,12807742
10,37028559 6,03053351
1,64691549 0,05345444
-4,86422586 12,51434445
12,58006697 7,54175053
-10,21185706 11,64718391
0,33848102 -1,13453472
-1,71266481 -1,52951865
-8,86484098 8,95049729
-5,37306115 9,52011274
2,84463618 -0,83789563
-4,37609593 8,68130648
9,97664692 9,17858714
-4,85162322 9,26638533
-4,8889072 7,7038052
-8,51325971 11,41614955
12,76770705 6,97220305
-5,83000808 9,87579472
-5,12848781 11,20933863
-6,8076966 8,00811312
-5,30570612 9,12133454
8,67268374 6,16257318
-9,5911706 12,55538823
12,30481706 9,2420836
-1,12267047 -3,71935884
-6,68102896 11,69089204
8,860353 7,73340483
3,04210608 -3,43508739
11,26042755 9,78280464
3,04561305 -2,61931186
-7,64608022 12,29495802
3,67435222 0,31187863
12,96914036 7,9950832
-6,84518435 11,34526318
-9,32285707 8,63925518
11,54514282 7,10841175
10,51009115 10,06700159
11,34055577 9,79776474
10,55820895 6,15090622
12,30700558 9,20263958
3,71047116 -1,12888661
-7,77762058 8,63849103
0,58793914 -3,84398717
3,19374443 -0,87095151
-1,67241961 0,07518436
-8,77041405 10,52493331
13,49094778 9,32653368
3,23634373 -2,67529018
-1,61940522 0,30346832
-8,74403975 7,62062834
-8,33435414 10,94575745
12,49600434 6,9024466
-8,42357751 11,28560099
10,65191355 8,00837118
9,3702589 7,84636152
-4,66130115 8,32897829
3,03426648 0,38111814
-8,86454981 11,6049549
-9,60754497 12,35026437
13,85658088 8,11758903
2,98627103 -0,66243526
-0,63328842 -1,9300822
-0,99723966 -3,61853106
9,67590938 6,45664333
2,82041632 0,39596568
0,60616526 -2,28844798
10,32534133 6,3173293
9,35752985 5,38822936
2,26228902 -0,07493812
-4,99227682 11,92911055
-6,02866144 8,04728439
-8,75824831 9,54265874
-1,47695585 -1,33371708
2,84878914 -0,9902922
14,02160732 9,67697661
2,13747588 -0,09075181
11,01070243 10,09538514
-6,42516916 12,25188432
3,62286078 0,74982937
1,93803423 -1,80095001
-0,25590529 1,25458493
-5,33695878 8,68976125
2,20568476 -1,69041034
13,84054322 10,1354718
13,44991703 8,8576674
1,38236838 -1,24789158
1,88713192 -0,32491278
1,44161432 -3,10429133
-9,62080882 10,16762221
2,99155406 -0,90075173
8,38978959 5,35839019
11,92007157 7,90931065
-0,94138386 -3,37498859
-0,0344665 -0,79926679
12,87079708 7,75343837
-0,3320551 0,70894129
-1,91101749 0,9511349
13,81075432 7,96923743
-8,30187978 7,45908795
-7,97350988 12,47787155
11,14173278 5,57751375
10,76648463 6,76692154
-2,06352052 -3,05903003
12,19356565 7,2051035
8,36147897 7,51868007
3,62935139 0,87233929
-8,47313684 10,88057254
12,32476139 7,91228939
13,45163558 5,87553404
-9,22845894 9,46220473
-6,17042672 7,67711168
0,75707685 -1,44510199
-0,94376621 -2,51417435
1,91904038 1,12927176
-4,39036749 9,30065236
-5,98481972 11,41819425
-5,24441192 11,65647012
12,55869689 9,77120141
8,55406939 5,8199261
-9,82345678 8,99639691
2,43093793 -3,43296846
11,79329232 9,05645205
0,80755695 0,97845918
3,54789448 -3,1758905
-7,62759697 10,52448395
0,09800654 -1,58599966
-8,62887573 11,04144182
13,58237609 5,12233626
2,53334211 0,71095854
-8,29863258 11,72605229
10,65143514 7,39326477
-2,11084738 -0,3422404
9,56474062 9,60603925
11,92960943 6,62502284
12,44688218 5,3406326
-8,78123704 7,90625984
-7,56937805 11,83949744
-7,23801753 9,91015145
-8,66364508 10,63828096
9,54044136 10,03984495
0,42571669 0,4625657
-8,55584181 11,99836082
1,7879893 -1,1302848
1,37490985 -3,62569936
12,49009198 9,3231877
8,84389134 8,49192103
3,26143211 -2,24009158
1,23916691 0,41005348
3,52655594 -2,16091822
3,57140301 -3,69799192
-8,47613825 11,35836477
-4,42380529 7,55092048
-8,44740231 8,7008846
2,14657704 0,37716714
10,55856537 8,85561648
-7,88648068 12,09522233
12,45932747 8,49890796
13,27218591 5,27737992
11,29698409 8,26466865
10,91595792 6,83506278
0,93815532 -2,79867913
-8,87712025 8,7561516
1,17217748 -0,87818747
-8,23346083 11,79956861
3,42678516 -0,08308425
11,78738243 5,5968785
-5,01501504 12,07478772
0,48606464 -0,88996631
13,82966487 9,13649313
2,75062623 0,98829533
13,31462526 5,12111501
-1,33919578 -1,24431991
-8,6027158 7,86590475
13,17900827 10,09378238
-5,84624463 11,83002035
-8,57157711 9,00457548
0,16267581 0,88465772
0,60339393 0,33215094
13,20192473 7,4293814
10,39560264 5,47221517
2,83586132 -0,57882519
10,05585926 9,41550497
-9,62182527 11,73071213
0,6215306 0,22892354
-0,55186664 -1,02993294
-4,61067604 10,67546793
-7,69272168 11,1512011
10,26936752 7,02048171
-8,32114445 11,14991901
3,02966494 0,34476443
-0,15607409 -2,72394596
-1,13180361 1,03849033
11,16209189 5,87045091
12,45320074 8,35542017
-7,4279868 8,90360789
11,67041119 8,97366545
-7,3763742 11,12434828
3,49553422 -0,48895782
9,27752036 7,32121834
-5,43429824 12,36207356
2,41240362 1,07239037
-8,14337193 10,00745103
10,22007857 9,02365691
9,46181208 6,74576799
13,7125257 8,55524967
-1,50502056 1,03652568
11,41982929 8,16979464
2,32819456 -0,78979695
-5,11690975 12,23837211
8,48723567 6,75267475
-9,91434069 11,7379671
8,46856049 5,46311088
-7,08358685 11,19797775
9,25699605 8,5583584
-8,63108514 11,35210866
-0,42869301 -0,44095646
0,58781519 -1,55211214
0,75987331 -0,04261011
9,29561828 7,88401094
8,64612152 6,55436433
3,19679812 0,21998354
0,32743203 -1,90546552
13,32408404 6,79060333
-2,06208579 0,90137949
-8,53658707 12,13747879
1,6829715 -0,15855771
-9,73973717 8,75819719
-8,9130641 10,39328087
-6,57452201 8,41500398
-4,95026491 8,51964282
2,66724553 -2,3260377
10,34810682 5,15822901
-0,08821122 -3,56161342
-9,59890232 10,56105905
-9,85481334 11,6393404
-5,29091955 10,13473202
-4,48495212 8,47364367
1,79351537 -2,99686216
-9,03151903 8,86343592
-10,22381799 8,0607077
-1,0532745 -3,65897635
-6,05987254 11,48453452
-4,44894558 11,98505302
-7,22019023 11,74381653
2,87232796 1,08698432
12,70094397 6,49652241
1,93755673 -0,03581725
-10,06888778 8,86780515
-8,71999517 12,35527662
-1,99371306 -3,47157106
-6,28502894 11,5959872
-5,86403425 10,25234766
-1,58613405 0,21071153
-9,96612634 9,9520989
-1,2083078 -1,81417801
-5,13195949 9,39730164
-1,67626786 -3,72872934
3,47949934 -1,19574438
0,23694249 -3,76275867
-1,20675552 -1,07568318
12,05417669 5,90555737
9,95705939 5,15687905
-9,43280673 9,00503427
2,38000429 0,12895833
8,66031617 4,99906582
-5,09801286 8,64138128
-7,80313256 11,84504569
-5,35588449 9,67464588
-7,51217932 8,04291053
9,65791314 6,03734483
8,8090842 7,9440284
-4,99739346 12,54515942
13,71468692 9,48278787
11,59695453 7,977989
-6,98324959 8,80485531
2,09382886 -0,86324991
-5,56340511 9,29127657
2,06162915 -1,17174759
-4,37792738 7,81090479
-9,16381881 9,31476999
1,6281338 -1,32625956
-6,1955098 9,54954606
10,84978224 7,27000801
0,98139558 -3,3415781
-8,60284266 8,25599951
-5,9484794 12,16100418
1,47005273 0,86189731
9,56943212 5,92079858
3,0746321 -2,01435951
-0,24213106 -0,16931256
3,06090522 -2,17411354
-5,64391664 9,71722197
3,24141572 -1,38940627
9,72226203 5,84750685
-5,28738714 10,4187137
-9,60514935 7,98003392
2,32888183 -0,0487501
-2,00953958 -3,32676706
-4,38149398 12,16609449
11,84082504 9,2836256
3,6112137 -3,05195852
-9,43465191 9,73964489
11,29509067 5,60477406
9,28670827 9,04558247
-4,35425131 12,46916845
12,46360314 9,20525319
-9,26990547 8,65634311
2,83112574 0,02744679
-8,56426679 9,31746597
0,45309665 -2,31685647
13,32477233 9,81551024
12,52388892 6,32392793
1,38383427 0,94715793
8,81474262 7,04114235
2,09648499 0,99757804
-8,9150693 10,55727455
13,46816332 8,80372616
-5,19499788 11,85245292
10,55247259 5,55246692
2,90427035 -0,46811392
-8,13222489 10,11887879
-9,90463591 10,97389293
1,04162057 -2,31255492
12,83518042 8,09358751
-1,41332327 -3,09452272
14,1581133 6,69474867
10,1822389 9,22204243
12,55271908 5,27573743
1,49918643 0,86687155
11,09921121 6,60764141
-7,71320317 9,03944543
-1,68498439 0,58829444
1,87552493 -2,15419454
-5,00712837 9,75783081
10,26470336 10,02779826
-8,05163171 10,72157228
-9,9651621 10,93229763
0,58578513 -1,15139372
-0,68761316 -2,34504107
-7,92988734 11,50473827
3,031549 -2,69667159
-8,84732032 11,5885506
12,09726352 8,61769096
-1,95829106 -3,90835168
12,6433649 8,3943292
-5,22813913 10,23870135
-9,00044733 9,53356499
11,8489204 9,59485062
10,64924613 9,68312222
1,35217788 0,72404035
0,35960817 -2,69867766
-4,68542908 11,35371942
-10,07532319 12,36013062
0,43250617 0,23898288
10,67293934 8,0798033
3,48576251 -0,31462632
-9,93561392 7,46084768
3,32302474 -3,51680395
-6,87446055 7,53133048
11,76231531 5,08180158
13,4735087 8,62790571
-10,21036676 11,33304499
2,29267499 -2,4545632
-0,54769036 0,58414861
-5,4661247 10,47136185
-7,89883443 11,44031521
9,53500415 5,34669146
2,51947492 0,38053964
10,66464298 6,29020847
-8,95867334 11,61103332
9,63820434 9,47582137
10,12337514 6,00605317
0,81395161 -3,93333194
-7,5668995 11,44281547
1,65861002 -3,0239866
-0,82141048 -3,76749511
1,98942063 0,65674885
2,26667192 -0,26651084
14,07219966 5,27816207
-5,90896101 10,55480307
-6,95916916 9,17879557
-6,41581338 9,15510588
9,31816886 7,52262617
-7,64524031 11,59926651
-1,43685528 -1,32591748
9,5664414 7,01447311
-5,7422102 10,49195769
8,63757984 9,76491311
-5,60283445 9,03310008
-7,06460798 7,62006267
2,92236145 -1,45578657
-4,95492413 9,31390554
3,48617652 -1,28816065
10,18066325 5,13052725
8,35940464 7,07747555
-9,12383803 10,09801339
1,61294411 1,1312642
10,9426657 10,1555509
-0,34933262 0,16044625
-2,17740414 -3,47313319
-8,88097029 8,39302157
9,56079336 7,45121331
-8,97313627 8,6737545
3,17187458 0,63942399
-6,95741729 9,4273746
-8,71492962 10,54157325
-1,36964433 -0,28658414
-8,78526489 10,59722777
1,66068519 -1,59609554
9,42232072 8,32409703
12,25397034 9,95491866
-9,68727461 7,54671656
-8,41000179 10,35596707
9,2684335 9,04014479
0,40707674 0,67038331
13,82294826 7,09011394
1,50667882 1,25911269
1,96768446 -0,61906565
-5,479587 11,07816096
-4,40046675 12,22779974
13,6097044 7,08308062
-6,04003694 10,3899075
-5,51247923 9,67566561
1,75838706 1,10457075
-0,33751657 -3,75038111
9,14085433 6,7323315
10,06258899 5,75901141
-7,23343431 11,44652849
8,71596134 5,90903467
0,50584753 -0,35398985
12,61607035 9,41693334
1,95310968 -1,12241921
3,01620463 -3,09960358
-10,08673064 10,31288027
0,06260786 -0,62804752
12,207446 6,69558081
-0,6890538 -1,50396023
-9,04434136 7,78147132
-7,78168531 7,70724673
-4,47748162 10,95641241
3,30962443 -0,59667288
11,84039915 6,83376087
-9,68527617 12,33743574
11,64257075 7,65586962
1,31711171 -0,34143254
10,28459025 5,83516466
-9,83542943 7,94396503
-5,49339725 11,64586586
2,78187206 -1,60303169
-7,34436761 9,85945987
-9,57135107 8,00421672
10,27145591 9,75496634
2,99477085 0,6320202
0,96088081 -3,58720658
-7,40495508 10,06597032
0,03860127 -2,62874021
-7,8762099 10,67177188
-5,10929776 11,91109972
1,99389955 0,57810989
-4,76943834 10,28008626
0,29996476 -2,29795351
9,50500004 6,23332254
-0,24553762 -3,61387532
-7,3314759 10,16894975
-4,83227539 8,27260975
-7,29463358 8,92684581
-9,29135461 11,50212395
-4,7590774 9,90278802
-8,61700522 8,16206454
11,50780236 5,87933493
1,71728638 -1,75258725
3,54262174 -3,45571
-2,00549111 -0,78743663
-1,96656337 0,38057628
0,92286975 -3,46525247
-9,39346285 11,63138159
11,19796214 9,39173417
12,38810139 9,83917893
1,76331686 -0,75778664
-6,04839938 11,32820581
0,52065005 -0,38475467
11,62771504 8,36624596
10,98392851 8,46675252
0,29846847 0,37078773
10,30795619 8,09302329
0,35215734 -1,66172513
12,9797859 8,80381741
-5,24611544 8,68527258
11,31552061 8,44231222
-10,2306806 8,31310979
-8,93820027 7,71082044
-10,16008748 10,08023562
-4,62279064 8,60063747
-0,00209044 1,08452408
-6,64056212 12,010811
-8,86585857 12,54186844
8,96003944 8,46674425
-0,02036451 -2,47639824
12,92632544 10,16994039
11,66867176 8,26563228
11,3887458 5,44114355
8,41542183 7,41775696
-0,4639182 -0,43578678
-9,52952775 8,3158366
12,6026526 8,35501028
1,32713515 -3,63662116
9,92672697 9,71048429
9,79913341 6,75175022
-5,38048336 10,08571671
-1,2939389 1,03365989
-1,13595144 -3,88450661
11,23918378 7,92786265
-4,84755772 10,02015804
-0,30815487 -3,39150547
10,08313697 6,02799624
12,79310016 10,16699738
-2,17181914 -3,93168666
12,94402754 5,10695277
10,13306806 9,97295723
-9,92299129 11,81862183
11,05152116 9,70977357
8,45790629 9,53608
8,86543203 6,76279176
0,56772297 -3,7506426
-0,65381522 0,49766349
1,81947633 -3,25221214
-1,00903249 1,01790704
-7,54324811 11,92626208
11,37689329 7,19276547
-4,49717109 9,21627467
-5,37949853 9,16370864
-7,35730392 8,94191681
-9,35534203 11,88309782
-9,7752924 11,62539642
-7,56352468 11,01960324
-6,41949014 10,50421348
-9,11181346 11,12076578
-9,8860583 8,62319031
10,24213498 7,58435512
-9,49544653 8,62139072
-1,9867678 -2,17062121
-9,91749845 10,51706217
0,35107567 -1,76941253
-4,91229988 8,7022076
1,47965492 -0,1957488
-0,7776865 -0,14635936
-9,73051414 7,48201653
3,58799334 -3,35112625
3,03413608 -0,50126548
-4,87051521 8,97977027
-8,22583589 10,27005024
-9,55003962 9,25740752
13,84123342 5,4697532
9,1049093 6,7282096
9,19289625 7,89804084
11,65050757 9,01464842
2,32538724 -3,77914108
3,55804911 -3,13138396
1,23264464 0,41107366
-6,03220607 10,20544459
9,57777283 7,7934328
-1,75554547 -1,49741804
1,43906232 -2,18386839
11,92906389 7,74517417
1,78225392 1,2377175
12,47632986 9,35866266
0,91157939 -0,90923612
-5,7690525 10,89441151
-9,07423413 10,61446103
-9,26037627 10,16142777
-6,52839166 9,49602542
3,27155824 0,28090817
-9,21435321 11,10719431
-8,21027431 11,10188468
-5,32840099 8,27558996
-6,22846915 11,79590378
-7,25049082 10,65386288
-5,52132951 8,58404937
2,09088997 -3,15821274
9,20492447 6,30071515
8,52570879 7,10334434
-6,39419824 9,91168057
12,91096162 5,86916966
-1,00478243 -1,15884293
-6,42289693 12,18987885
3,01243615 -1,22172169
9,0552386 6,38626227
8,78931114 5,50012845
13,73716934 7,10237989
10,14897383 8,6630515
-5,70714072 8,48511963
-5,28749558 9,8074631
-9,44415917 12,12365454
2,89246305 -0,69868298
-5,35207935 11,67756151
-1,71811161 -3,58942318
12,71319099 6,49775369
11,92906179 6,55132366
-6,4919642 10,6821215
-9,9345841 11,20163423
-1,74561551 0,32020193
12,8038102 8,52721942
-6,83516782 9,34349821
2,32161569 0,45185142
10,64935511 5,35767966
11,89341791 8,60119514
0,7942721 -0,6463957
-10,21705646 8,78908985
-7,90105485 11,72014046
-0,67622413 -0,75523839
-1,051505 -3,70975772
-6,8448792 8,8136099
10,52061226 6,35626066
-5,56639058 8,19851304
-7,12126002 9,93255318
-7,35659418 8,22961525
-7,6269059 8,55039503
11,43138418 8,32866179
-7,37871923 8,54944056
2,83560518 -1,97930788
-7,1583246 12,4705723
3,66197864 -2,87448293
-1,51590307 -2,85252657
3,74010359 -1,6064254
-5,59162866 8,46918321
-6,22065113 9,06039368
-9,27610786 12,32276621
-0,14313295 -0,98146483
-7,72948811 9,35539735
12,10162957 6,53878681
10,33781765 8,84613382
13,8056959 6,40606189
-5,09950312 10,9146282
12,93330467 7,48547939
-9,36112979 12,44040504
-5,55561784 9,92292389
-6,16533171 7,6020495
-9,33264321 11,77939061
10,18355237 5,71575377
3,56613264 1,12552469
11,78763474 6,81501568
12,76527588 7,91931192
-4,67109476 9,18839055
-1,71213873 -1,34887741
-4,72212693 7,48498242
-9,65459571 8,05891816
-9,0355176 10,15029419
-0,0249368 -2,33675375
-9,6473803 11,98391679
-0,53858115 0,74110842
0,4180682 -2,61482804
-4,98012803 9,12486887
-1,83552684 -3,3275998
0,42752134 -0,65271767
3,25206814 1,16105742
2,95237265 -1,43423854
-8,27863759 11,34881658
-1,95592864 -1,28263166
-5,36964825 9,22401372
-10,15070443 8,90792411
1,79398649 -3,1420845
-6,50477337 11,02361098
8,47137945 8,06890238
3,48944012 -1,80112738
-1,32342877 0,41361423
-5,31494625 8,74065897
-6,10815708 8,96611861
-4,99916947 10,01583539
-9,44835731 8,31693484
-8,0370098 10,36793231
-1,21010792 -3,59012078
-9,26841438 11,89663166
13,32721401 9,99101012
-4,5159728 8,38035093
-8,22080052 11,42124452
-0,88112356 -3,67866825
13,09229918 5,17989256
9,85928763 9,81550367
2,88404195 -2,77638456
3,15871015 -3,42397902
-2,0026994 -0,91493154
-5,66140901 12,26169159
10,05755772 6,94066606
-6,28978024 11,72709223
-8,04455627 8,03025077
-0,63190241 -0,78606683
8,70154213 5,30797752
13,87399048 6,39534589
-7,87144017 10,94922727
-1,72836542 -1,67731598
9,53349804 6,03757717
8,54519585 9,04468624
12,34533252 6,29580507
-6,49502711 8,392068
-9,66186951 11,55341525
-1,48865635 0,95722449
8,35062905 6,51716697
8,85902077 8,3058851
-9,21650992 11,77558568
-5,14402733 9,22470214
13,48348986 6,63851263
-5,83523713 10,33362347
-0,54258152 -3,10775957
-6,52303772 12,35112268
-8,95576782 11,52323154
10,71095041 8,29060778
-6,00286418 10,51950938
12,01897489 9,2421334
10,27522443 5,63530414
1,46189967 -2,1683003
12,96616113 7,40749008
2,35871647 0,58167769
0,03682367 -1,94609052
-4,83179722 8,45222553
12,34318691 6,86825278
8,69948247 5,64217718
-1,97632446 -2,94426987
10,86653799 9,85188805
-0,93892303 1,20413826
-0,77550832 -2,48197259
-7,58626496 9,64938574
2,15391831 -0,63422406
8,63354952 5,76734454
1,99729341 -3,75103575
1,5804439 0,31640461
2,27581591 -2,80087831
-6,9630571 7,96924176
10,4760113 5,94855274
3,03236271 -1,67463655
-9,99298995 12,38151218
14,26539271 6,00290603
-6,05573318 7,74914869
1,46416769 -3,50095658
8,70265033 5,29423663
10,40224528 7,90656867
-4,4270807 12,01034436
-7,22209497 8,73965554
0,5100692 0,16623186
-5,13695645 9,84998013
1,89915605 -0,86186438
-5,42817126 10,85104998
-0,89235181 -2,0771103
-0,34924413 0,75160786
-4,35907804 11,32736382
-5,90276547 12,23015041
-4,72999283 8,37722004
1,02736131 0,81762397
0,44233254 -2,1203876
-0,96388966 -2,00346104
13,35943713 5,66392027
14,1950723 5,39263792
-5,66773441 11,09304332
-0,4154341 1,30372962
11,91585173 5,24195736
-7,49982043 11,02740118
-6,97081088 11,90178962
9,0866547 6,58084977
9,47517532 7,81134499
-9,94811048 10,87940622
-6,72652821 11,36564468
11,7232215 6,36966754
-0,94718247 -1,69500969
1,81904251 -3,51577671
2,132915 0,93398329
-7,31514413 11,13743159
-6,17006498 12,55841463
-0,56358793 0,5674872
-9,75529266 9,91360771
-7,51473279 11,1205861
-7,65482788 9,49357656
0,09708773 -1,81837979
-0,8140947 -0,93017081
2,91669217 -2,00250687
-6,0444667 9,13071836
13,77396218 7,26852883
1,84865447 -1,27856739
12,31231009 9,37016221
-9,94813069 10,484922
10,36467204 7,07352417
1,27069367 -0,50970459
2,23044873 1,01888945
-8,43948041 11,87503946
12,61062656 9,55508559
-1,3710176 -3,25942122
-10,21234049 8,42705717
13,9117624 7,53839795
-6,65861779 11,05504594
13,22214469 5,50406735
10,43413775 8,68277987
9,96907642 5,14385807
-0,49093188 -3,10242673
10,70075927 5,24296501
-9,90498547 10,30067594
-2,07459667 -0,88549128
0,89168544 0,48396844
10,60345687 7,80109336
-9,15710662 12,1589156
-4,4018235 11,72175827
9,71707594 7,42867817
-9,55776552 10,09249754
2,58666905 -3,13097013
-4,46199633 12,21654067
12,84646237 8,96542583
-5,80334356 7,71882923
0,97402175 -2,04994633
-8,33802365 8,99420812
9,30221415 5,39007915
-5,89998013 9,77358292
-6,3631416 9,77127309
-7,03189405 11,03046632
-7,38514346 11,96953759
12,33538341 6,06466073
9,20495791 7,39239243
-5,42309657 10,63205244
10,58342198 8,98492875
11,37726628 9,60611524
-9,2677556 10,23767825
-0,94830195 0,91594577
-10,03445674 10,49657319
-0,44092097 -1,63751129
-9,85303813 9,93797775
9,70426908 9,01634698
0,53854867 -0,18242918
8,92586835 5,32089842
-0,01312729 -3,92735994
13,8312512 6,99062158
-8,85771667 10,11810322
11,71265043 5,31903648
-4,56462039 11,89995418
2,81939963 -0,85070339
11,64434063 7,39083755
8,55803532 5,89129573
-7,62977546 9,34901813
1,70050846 -0,58635912
-9,34737159 12,42231318
8,39880083 6,56030543
8,94667634 6,29764437
-0,40812843 -1,85740904
-0,54263023 1,21403856
9,82889902 6,47252798
1,80594045 -3,49999549
-8,80570469 8,84823768
-4,56304647 8,93590519
-10,26232604 8,06905468
8,48788706 10,07142608
-9,38408945 12,40931192
11,75933711 8,27158204
-7,93478319 9,0926895
3,14648112 -2,08412126
0,46014253 -3,80085908
9,93403604 6,72456816
0,48126189 -1,23494836
11,37374552 7,68118431
-6,80233568 10,61923893
14,0841302 9,54043839
-0,43932154 -0,68809492
-1,47920045 -2,37844857
-4,45272596 11,86094384
10,32444896 5,36087973
-0,44321764 -3,74509397
12,89852164 6,42523192
-1,66050206 0,35700832
10,47417121 6,3310003
10,66310486 7,82110991
0,78454595 -1,48950477
13,31186966 7,59569207
-0,64255108 -2,85935992
13,5538408 5,43479695
-7,77862273 9,32784153
9,03186046 5,61587148
2,54882259 0,22107198
3,48548386 0,76006941
-2,04709076 -3,39393427
-7,22490285 7,76174199
-7,59776909 8,06451892
14,25413893 7,58733597
-6,11687801 10,06452191
14,25992367 5,40312853
-5,60006502 11,68759207
1,10961396 -1,77823307
12,27761952 7,47927604
-0,61112299 -3,26969127
-5,67700143 8,61928007
11,59294162 5,87542386
0,0537279 -0,46931661
11,07511435 6,76054206
-7,19807247 11,21946449
-7,19594676 12,30556038
-8,99594319 9,43633543
-10,14140629 10,31191155
-0,59358367 -0,34824748
1,26264836 -3,82311282
12,46948106 8,50850442
2,31833724 0,17063509
-7,84430439 8,25320599
-5,8741428 8,71768572
-5,76857854 7,70908454
-5,36113259 8,52510103
1,88367886 -1,38653453
0,19988967 0,78814202
-8,42525085 11,64728061
11,74069777 6,19068165
9,23079834 9,81073636
3,53838201 -2,61351643
-6,0161001 7,5356587
-0,45235888 1,18900832
-6,52825177 11,75062597
-6,36155417 11,84854528
11,28671898 5,80860898
-9,58346955 7,74119527
2,67319765 1,02993068
2,63719632 -1,86379298
-6,42060111 11,26600411
0,60555382 -3,56053488
-1,12963778 0,32954591
0,64746591 -3,32164202
11,40303707 8,51420288
-9,15109949 11,3791091
-0,69812802 -0,8239346
8,81237476 9,95558685
-4,68732631 8,46623465
9,9007649 9,9848154
-6,87669941 9,70962317
-4,85939051 11,52814826
-0,90831598 0,81771162
14,19603193 6,85752219
12,6808691 8,54936579
-5,43540815 8,68407675
-6,96361154 11,55495118
11,94440149 9,48003271
-9,92211756 11,53052176
-6,84734592 12,05275923
12,84329202 9,42272726
-5,89151503 9,3831839
-1,44690757 0,57533511
-1,08771064 0,56208272
10,43911989 6,72172462
-10,15779215 11,63117289
2,50941797 -3,2767308
10,29800113 9,40133969
-5,0296909 10,80076279
2,08243663 -0,07456925
-9,48618598 11,78247253
1,88119303 0,99976895
10,71866976 7,07163982
1,68053741 -2,82051546
-6,22959877 12,17264866
-4,58492665 9,34206209
13,80712024 6,0875941
-1,06040799 0,49228439
10,4802987 9,43882668
12,43243237 9,61334974
13,74499628 6,92024966
9,47310779 7,71347586
1,21124244 -3,62543646
3,58986349 -2,09030742
-7,46375248 11,46265933
14,03584925 9,71299902
1,62130634 -0,64696643
-9,16865113 11,41114806
1,87779491 -3,36569073
-5,60131446 7,95645229
9,40276353 7,97252385
9,76564714 7,71926602
-1,37955333 -3,49820929
9,14957964 9,30812224
3,23126362 -1,15057087
-5,08101185 8,00665501
-9,43292233 12,01715159
-4,32015828 12,25023058
-9,82011987 11,99645828
-6,53840097 11,38874841
0,38323615 -0,19735411
2,65488533 1,13858918
-5,86155731 7,8395248
12,76317948 6,21608543
-7,51621909 11,08675261
-9,46505735 10,91110911
14,01172955 9,41648337
3,74478545 -3,20244322
3,18732892 -1,7579369
-1,74219935 0,80512068
9,57393175 8,35854839
10,0947947 5,44788277
-8,19724447 11,97281463
-0,25894699 -1,38905535
12,40068881 6,85144578
-4,91546776 11,87291396
-7,79948958 11,76081857
12,53188151 9,45612663
2,52993032 -0,35516559
11,46758227 9,35166266
1,87892838 -3,57135552
-6,41266974 8,02546348
10,94618428 6,74176739
11,92508102 9,67434008
-4,69675284 12,26516515
-6,13175359 11,38937042
8,34141045 8,73408057
-9,63368262 8,0918304
9,88343954 8,8419094
-0,3302245 -0,17025613
11,13948543 5,12161905
-1,23107934 -2,33835955
-9,73780643 8,34594489
3,22918721 1,28399529
12,46830853 7,50432292
14,01169058 9,33872387
1,11026113 -3,12400424
9,83894791 7,91182774
-0,9254213 -0,20877439
-0,29359104 0,29841254
-8,55436894 12,04958303
13,16984166 7,53894732
-8,83126766 11,36876392
-9,86889211 10,26932009
10,65310427 6,70536545
-9,75467918 11,42909558
-9,94351115 9,56034453
-0,40539236 -2,57864207
-4,58642662 8,65318957
-4,4092191 11,09570127
-0,98142115 -1,73564697
12,93638367 6,19478625
1,73074461 1,1588398
-5,05226535 8,12736386
13,71420654 7,38849656
9,71599349 8,63675098
2,59993214 1,10906909
-1,81210244 1,03572198
-10,002401 12,32386374
8,38292909 5,5737748
0,82891924 -1,39095214
-8,23136635 12,03007911
12,1299007 8,18772643
-2,10579157 -2,27036317
-10,20411858 9,06545782
11,24533272 7,75001627
11,71883396 6,91090153
-6,33593942 11,21383457
11,19694781 6,25563105
9,56162673 8,42523075
13,86059717 8,11617203
2,00223356 0,68956878
-0,01144908 -0,20322581
1,08059155 -1,45368058
9,72809188 9,64152058
9,47197103 7,67527824
-10,2284113 10,13483696
13,74715354 5,7709443
10,84811219 8,14206136
2,72577562 -1,18914507
-9,31202569 7,92571024
14,24924267 5,24072264
11,94250769 9,30197285
-9,69177469 12,44535165
2,12899171 -2,62226179
9,67896952 5,48774626
8,57907559 8,12735876
-4,70311027 11,7391368
-5,4341979 9,62016225
13,39884778 7,27135106
2,24075043 0,98201489
12,01033233 9,12193591
3,72074702 0,34248255
1,52999599 0,88135517
11,58604445 9,17361479
-6,593329 10,18257129
10,11877843 5,53728965
13,83053518 6,17400269
12,29873504 8,25697445
8,9280454 9,82199541
3,01903609 -0,56085975
13,32232896 5,84842369
2,6481555 -3,74367441
-8,04800074 8,81311646
-5,23713253 9,71999976
-6,56110892 11,76641671
1,73149144 -0,60812375
-1,92013617 -3,19423295
12,77847901 7,10538766
-6,18454461 9,61522221
-8,92570186 8,51295588
12,35037231 5,25073332
-1,2122869 -0,54934285
-0,48071969 -0,99871658
1,11826693 0,41318415
2,60467977 -0,93631307
1,51307463 0,52777195
9,54383889 5,84808465
-8,09062345 8,00719281
-1,76568157 -0,44202679
11,56177912 7,3382242
9,31717057 5,1755632
11,41018203 8,73401686
2,80485861 -2,13996296
12,93118988 9,28872327
-8,98030382 8,10634297
-6,17923646 10,89484364
2,12983669 -3,13346127
-7,01475665 10,12030004
-5,00864563 11,75057473
-1,31024756 -0,8285325
3,63980903 1,09069123
12,99943645 5,91310824
-6,0164763 12,08462157
-8,70922701 7,39262908
-5,89888179 11,10405054
12,14390137 5,44968026
-4,50451273 9,39080364
9,07660283 5,19286788
2,94617433 -1,5801337
-1,80535676 -2,19816232
3,14754528 0,5209564
2,70379205 -2,51462207
-0,50331304 -3,07887853
9,5968162 6,53322568
11,97452407 9,74290014
2,08243322 -1,85900072
9,19338237 7,69329976
-7,74783355 8,58695176
-6,75614065 11,67682456
9,55710782 5,666566
-0,68742774 -0,58818821
3,06533752 -1,82266742
-9,98686466 12,23460359
-1,36059696 -0,80823269
-0,25234341 -2,75820691
-1,93538298 0,63887234
10,02514418 8,48851262
14,03098499 6,77680722
-4,73961826 10,06439568
-9,3240362 9,94972796
12,61305869 8,78132728
12,31329778 8,74714985
-9,87748533 10,95260468
-9,041815 9,03385812
12,7751615 6,45516842
-6,04752983 12,43728375
-6,65993809 10,3705861
0,66580222 1,15634415
8,42606163 8,43152922
3,47961915 -1,57107351
-6,07920883 9,80495793
2,84862553 -3,72771313
11,80629937 5,46549056
3,58878752 -2,47611192
13,70871121 8,15605971
12,12900221 6,26775177
-10,03288313 9,53135913
-2,06163589 0,98769621
-0,78833828 -0,56384075
-7,56438739 12,14852785
3,15957718 -2,43895428
-6,15050802 12,12081343
1,65981882 0,06796172
-1,30620156 -0,24532494
1,89826368 0,7329852
2,27690367 -3,22047011
-8,65880906 7,78905799
8,85608201 9,13563879
-5,14395608 8,93929941
-9,49985211 10,3439594
11,69444163 7,5782907
0,68865306 -2,41619852
9,4279872 5,47527297
-7,30821105 12,18735889
-7,13701589 10,25835131
-9,86400017 9,92587928
13,57558983 5,633036
1,53152172 -0,60710217
12,48423185 7,4513069
11,49680691 7,00835443
1,05527131 0,01213385
-6,93289654 10,02466372
12,23492002 8,03872662
-4,41259801 11,33514051
-10,25988253 10,39351646
-9,34963184 10,49157127
-9,96259236 9,03732687
2,59354604 -3,32445889
-7,6383033 8,42385838
13,11137701 7,9019489
-10,11479455 7,87875663
9,20886813 5,17331824
10,30440695 9,8997977
13,25013205 9,57002329
-0,14887674 -2,42541617
-0,43899143 -0,04019685
12,62318955 8,69155946
-6,90696683 9,95268474
10,69077272 10,17470774
-9,01844093 7,7665514
0,17205577 -0,51023215
-7,04682763 11,27522155
2,41176134 -1,86374718
0,84932504 -3,56838441
-9,77653205 8,02782423
3,28951215 -3,35377769
10,10401348 8,76520997
0,27548452 0,28529439
-6,44080886 10,2103302
0,04161463 -2,25268534
13,39407499 9,79788715
10,00624827 5,4355865
9,31089457 7,56598283
12,5918283 10,07615527
-1,58471307 0,7563893
-5,52880412 8,6652128
13,17014532 7,73050091
13,49294582 8,68484288
10,7056934 9,53729772
9,63493514 8,9305419
12,3330951 6,22038885
-4,88538163 11,80549595
-8,94048851 12,22849457
3,73880023 -1,5925024
-1,41922642 -1,74898622
13,82682073 5,81399256
-10,25432458 9,48118902
11,32838799 9,05786107
-5,75414702 9,23236066
9,45693049 6,57546113
-5,60941794 8,89802787
1,78756456 0,93873669
-0,54691916 -3,22276546
0,89422204 0,94327041
-4,72542723 9,31476926
-8,52323044 11,80540691
1,23379222 0,16765101
-8,28660339 11,67040729
11,81580492 9,94383541
12,74341389 7,92382957
-4,57016979 8,28453307
0,79550157 -2,39780138
2,18535734 -3,79959391
10,03692992 7,79864178
13,60048411 8,73745449
-7,67878325 7,79159602
14,27130879 8,12680565
9,39386077 6,5932764
12,03117433 5,62928426
9,32556827 8,48720686
-10,14378434 8,82627389
9,29597286 6,53364901
2,84698819 -0,51640593
10,65762579 5,58084697
11,11787912 5,95056567
1,98784195 -1,42253803
-9,52563525 8,25793554
-8,06242783 8,44015518
1,34535701 0,84449718
9,48763996 8,56930487
11,3019996 5,47405803
14,16093617 8,10635984
-6,10885113 9,54862098
9,19956596 6,6153452
-10,21326869 8,39846509
-0,81600191 -3,46010957
12,78102653 8,96789214
-6,34562219 9,12527447
-6,55489725 9,86349203
-0,30488228 -2,63457321
-9,26761438 8,63140443
12,4851095 8,56791431
-4,38623465 8,25045503
3,27936194 -3,15270543
8,9320624 6,88555644
9,54289491 8,37007887
-5,58590359 11,19479975
10,90255508 5,51783862
3,20863131 -3,61500208
3,35999158 1,01090114
-8,23283605 7,47725133
1,5253485 -1,84558494
13,43777838 6,90398277
12,46505908 9,03939205
12,67982877 9,09686651
-8,34345061 10,30494132
0,23914823 -1,06857718
11,12415557 9,86190724
-8,78618964 10,04660977
8,55519147 7,70020697
-9,02173883 9,63218319
-8,12090575 11,05856246
-0,04178977 -2,44986972
11,17998464 8,7827298
10,65671896 8,93947323
2,29823821 -2,48595677
8,62509401 5,53384819
2,10087817 -0,25938508
1,30192059 -0,68031006
9,97464881 5,18515669
3,67272871 -1,90271211
-9,76378792 7,44332001
-1,87074417 -1,3179693
-9,21744399 8,09790977
9,72640585 5,97979945
-7,24895708 9,16570733
-9,62219519 7,91394414
-9,10405876 8,30767126
-8,05096795 7,7371379
-10,21284166 11,0473475
0,08672864 0,2032853
-8,15367681 8,28615336
-8,5039848 10,53402109
-6,50686621 9,48171289
-7,157393 11,08857975
-7,90584369 7,40554482
3,5587424 -3,00346727
10,71476508 9,36234184
-8,90489282 8,8141611
-5,71072686 12,52891921
2,26956519 -0,93151028
-9,87806185 10,72984726
-6,29135328 11,64573701
-6,00027502 11,20843323
1,9540807 -0,95680754
9,9759654 6,09875741
-0,9928877 -3,74350601
-8,76522312 10,4305892
12,40347036 9,79672289
12,88392613 5,55838783
1,40735484 -1,04261544
0,60118107 -0,16124179
-5,77866575 9,81678402
-0,32988755 0,90732642
-2,01085978 1,21938882
11,36350059 7,20022152
2,11429449 -3,16251754
3,61210677 -1,14031263
-1,15659272 -0,2669214
2,6021535 1,20852113
12,65269182 5,33516857
3,19097829 0,48101101
9,19672716 6,43243962
13,76173476 8,30769848
2,87552809 -2,54266206
-1,73680357 -3,73868358
-6,45814915 10,8896658
13,54935444 7,60508677
1,02575296 -2,60438141
1,61854541 -3,12149076
-6,90989223 10,11911253
-6,73524705 8,52269709
-4,55922373 7,56957557
-8,71770929 12,17012136
12,64170967 6,25245888
14,18570285 7,91411885
-5,53249025 9,11875618
1,28034588 1,14598647
1,83788469 -0,96686279
8,50008082 5,77738259
-1,21805119 0,1613981
8,53088493 6,59863872
8,83444435 5,62031315
-6,30570986 8,2286189
2,78127698 0,9163775
-10,21152358 12,46024007
-0,18599149 0,95939248
9,73599724 6,16086232
-6,62588243 10,34874456
13,50116082 6,38224807
-9,48612828 8,47089574
10,60955466 6,58320075
8,50441643 8,09073172
0,36101909 -1,73294954
10,26314976 7,3595899
-1,70364763 -1,14621922
0,55709839 -0,28081652
13,31070659 7,06423555
-5,39478058 11,00043784
-8,89799545 12,62173024
2,97424169 0,46962949
11,51308229 9,28431521
1,45205655 0,99363679
11,43320236 5,33774201
1,93066787 0,89252792
-8,0615387 11,62955888
-7,96931103 10,98595241
0,80254178 -3,81713084
9,26094059 5,58577405
9,00016463 6,4415433
12,44514727 7,33690018
-5,13430806 8,79575047
-6,45546338 9,51170073
9,8574734 10,03236224
-7,96276338 9,29517344
-0,79998481 0,30099189
-6,11464639 11,27746996
0,05335343 -2,01431084
12,73384091 7,81246161
12,39702335 7,46161846
-8,36998768 10,49764669
-9,2382644 8,92842759
-0,11896693 -2,56832928
-0,6657799 -3,73441294
3,02857737 -2,3445678
-1,95992824 1,27070861
1,35574139 -0,9134125
11,11886068 6,5499728
-4,82928401 11,74436591
-8,42150995 11,17819256
-9,54050158 12,19265865
10,71459267 5,56064681
3,24609219 0,41646719
3,40688056 -0,08687605
10,86366255 6,1266554
-10,04455384 10,46217825
-5,94892267 12,48827802
-2,053504 0,64925917
11,41717688 7,97527055
-6,35599139 11,53442038
2,50945005 -3,04511452
9,21461579 7,34830032
-4,88898208 11,9713336
13,20485804 7,5371789
10,11068357 8,52640453
1,30973645 -0,391987
3,44490604 -2,48949967
-1,84085987 -0,4297259
-4,70966218 9,32329542
-5,57361632 8,80153654
-7,65488783 11,23563569
9,61780797 5,52929969
-1,36599448 1,14926339
0,91547376 -3,47416209
-6,72946187 12,26640548
9,70088617 10,1883092
-5,42354925 11,25416535
13,02807784 9,47900204
-1,02511944 -1,62788995
2,22594597 0,13781273
12,18552108 10,0941953
10,01114689 5,85694165
-5,06847333 7,97937478
0,71276384 1,0431205
0,80271454 -3,00774581
1,59076585 -1,0832849
-8,37808747 12,38687434
8,50799744 9,01281233
2,81453663 -2,04539301
11,46544885 9,54134386
9,38009457 8,67397846
1,6554988 0,23555957
-8,51451986 9,64600519
13,23703524 5,86122378
-6,99408916 9,87839605
13,79631717 6,41443984
-0,88335752 -1,8913845
13,33977196 6,64145599
2,98928265 1,00745988
-7,98153174 11,7307094
10,93296832 9,5427554
-9,58895334 11,34708329
-9,76706673 10,83188295
-0,67325867 -3,24059183
-4,9617519 8,18884996
0,82316069 -2,33324874
-9,41233232 11,11346064
-5,3099652 7,48924354
-4,63966118 11,47946759
10,00980049 5,57229272
0,41135824 -2,35699473
-5,81723271 11,79498436
-0,65513749 -2,23234663
13,08569033 9,2257183
11,92904256 8,77200783
0,27068015 -2,00322906
-8,47135522 10,17468842
-1,64355481 0,63903378
8,86365416 5,90247726
11,88962598 6,30732834
-4,60133375 11,63844538
-7,15968683 11,55371762
-7,03619836 11,29796246
-9,15395024 7,48335132
9,64505629 7,80968236
-8,44856916 8,63167678
-8,99049948 11,44138707
12,024108 9,16301409
-5,08214931 9,23683657
9,42703193 7,64969952
13,05356838 5,38578589
0,30385355 -0,06768214
13,05518039 8,66599112
13,26999968 8,90213668
2,01390593 -1,78864491
-2,04039672 -2,16879621
2,1961226 -3,07262144
2,75225716 -3,19499529
-0,4301961 -1,02120334
-2,18514906 -2,89945188
10,84250506 9,8349019
-0,81994829 0,25832669
-0,01446741 0,37940465
9,45120706 9,64443525
-1,33239002 -1,96692696
3,54919147 0,43365204
-4,75090467 7,89236412
-6,29169198 7,65954743
2,11402761 -2,60336027
-7,99188819 12,62814079
-8,27019484 11,90813216
2,2823199 -0,34316709
9,46787123 8,52220951
-1,99126026 -3,0465624
-1,24993377 -2,80014986
1,51210491 0,65732493
0,35229972 -0,82008691
0,0437809 -0,52352497
11,49915869 7,50251869
3,72063054 -2,49514002
-9,75745953 10,45013655
9,2179014 6,78945829
11,19195453 7,9257971
2,32216724 -1,01712572
0,18452085 0,1975473
10,86910382 6,44048079
-5,3098168 11,83547512
13,78121367 6,0492582
-0,59481556 1,24369918
0,83904368 0,58912799
-10,07600567 10,92505666
12,64458441 6,95113053
-4,49034612 11,34007046
9,32702608 8,74068806
13,77451408 7,04704013
13,29318992 9,00546178
10,1968251 8,21669466
11,03073269 7,52908419
-8,60102376 10,79155576
9,06705091 9,04450178
0,93583882 -3,79256219
-1,70205238 0,98491158
-7,92112509 9,79646163
-4,53227487 9,75601395
1,69194908 -3,88959001
12,45725416 7,35497075
-4,85407667 7,55356499
1,76187338 -3,52016002
-4,53192839 8,34099014
-7,40613154 12,2631332
2,02314229 -3,23148293
-8,35647885 7,760567
-4,72711525 11,91541708
-5,49764298 8,07100342
-6,84855953 9,04151864
-0,0526893 -3,41399016
-1,03955282 0,38084135
14,20032618 7,03661216
14,24383914 5,75817852
12,52827138 9,04497139
3,65498059 -1,70519199
0,89711355 -2,6827381
-9,19152415 9,48345813
-0,42198679 0,14172365
10,99207879 8,20247781
-9,14087468 9,47142088
12,28789003 5,71029196
1,92968882 0,01732434
-6,07911225 10,66173835
3,47311986 0,41015807
9,49894919 9,10935583
11,56643111 8,64447821
-1,21169509 -3,43492387
2,67475034 0,28938988
0,53378338 -3,57776994
10,72305676 7,69126271
-4,9779311 11,52901186
-5,8803894 11,63816717
13,53496456 5,69030827
-0,4528677 -3,73505604
2,70401956 -3,02097579
-1,03773779 -3,19868255
2,52607261 -0,2787262
-9,3185967 10,24601631
-8,69503361 8,93988966
-0,32205017 -1,8771918
-0,76972949 1,14959522
12,99779138 9,71170142
-6,11631272 11,61609108
11,42477153 5,08747988
-5,85822214 8,23922801
-9,67041903 8,23264287
0,25268092 -3,19651536
-0,27567033 -1,36332295
13,69229345 9,33792174
2,79637819 1,15509016
0,52749585 -2,2645694
2,60780158 0,39517832
-1,05907362 0,57529275
-2,08713413 -3,27604165
3,01269295 -1,19397793
-9,48203585 7,63831142
11,90441268 8,11055417
1,94531017 -3,60535446
-9,75243286 10,51825908
10,51845387 7,40878453
11,98137725 7,3650262
-6,27420443 9,7565166
-5,80673872 12,28275534
-7,70762232 8,79412381
10,16151312 7,98611423
3,01986481 -1,16203463
11,57771202 8,5735144
-9,39949315 7,70810755
11,44794164 8,17067842
-6,8303314 8,45281456
2,70571327 -1,34542693
-7,69840703 8,82349193
-6,8150793 10,97505596
-1,66910016 -3,21844827
-4,94530761 10,70117369
-6,70298451 8,18788435
11,51756416 9,41908096
-6,74658413 9,04926645
-0,94369127 -3,48422381
10,34884072 8,16335759
-7,18287625 7,60182645
13,97974872 7,62333169
2,8030439 -1,73425076
2,98709433 -2,19158718
-1,27743112 -2,67954441
1,01462075 -1,01484646
-6,92992357 9,46824645
8,88098787 9,56503912
8,50040451 6,01457576
3,69711877 -0,17097549
-10,16181348 10,92606339
-8,49026518 11,60044785
-8,68398301 11,73361601
11,83671337 10,09367817
-9,35720166 10,88248438
11,95217022 7,87218427
-5,16554228 12,01084691
2,73798352 -0,92494767
10,72397305 6,45058331
3,43789287 -3,58145689
-6,91861327 10,1506882
-10,11686011 11,76238565
-5,73149315 10,67591189
3,20896249 -3,23882885
3,34055355 -3,3778495
-9,9380039 7,96218981
9,43214365 8,34657226
-7,29391796 9,89911032
-4,9440296 11,3018127
-7,42087381 8,39168222
13,40860684 10,18637552
2,44482209 -2,43281653
1,35460711 -2,84988283
8,80721073 5,9816462
11,11609561 7,56480054
10,61971167 9,9856354
11,54178347 7,16710277
8,53797808 5,6647744
3,02250401 -3,61417299
3,34426372 -2,6452364
-5,0145082 12,56084991
-9,24563028 11,2697632
-9,77811653 10,02858075
-1,21029502 -2,60904959
0,71544676 -1,96498336
2,20557184 0,85310992
1,08861416 -3,02124192
-9,26153467 9,03606151
-4,56233039 10,23734437
8,64673484 8,32354754
-2,00854864 1,07976147
11,20224849 5,65155551
10,58064021 5,44329588
2,07147943 -3,75207565
-9,96599554 8,85474759
11,27789009 7,31503405
0,62614903 -3,09941405
1,5641262 -0,89500229
-10,25174815 8,22663265
-8,4417407 9,54360943
0,38205881 1,0790572
11,59215121 7,75091766
-5,04924789 8,03702079
2,35482232 -2,56833821
-5,16998064 7,60259629
11,23154229 9,257603
-7,14508285 8,08588241
-8,8157986 7,97212847
9,0493356 8,95069065
13,05254143 5,61418107
-1,89009871 -2,37809905
10,31590113 9,38066972
10,49079892 9,03824224
8,58362979 7,57840721
-4,63315061 11,93290967
9,6257158 7,38143142
12,02957385 9,61610072
-1,04944011 -1,30082364
2,27149773 1,09870064
1,1873335 -0,08397827
9,65269514 8,40873171
11,01649736 8,26854717
10,87065899 5,35568426
-0,25056243 -2,61615475
1,80349997 -1,74750041
-4,87825248 12,08031776
3,59998221 -3,34823
0,87755716 1,09109923
-1,64087645 0,3267068
13,93518457 9,54339829
13,26945763 5,23307869
13,82259107 9,4940995
-5,052349 8,42514594
-5,95384528 11,82980767
-6,00816466 9,560683
11,64266714 9,34085568
-5,39514708 11,9699054
2,42201504 -1,47560496
-5,85166558 10,77810966
-9,6471972 10,56538763
-7,25155384 11,51036177
12,73072195 7,1559928
-6,64732468 10,83570657
3,52818212 1,28413972
8,40270734 7,99460449
2,42450977 -2,36043538
-8,77908348 10,93405651
-5,36394099 11,26341312
2,17501849 -0,40654352
1,13973069 -2,71711643
-5,88878685 7,38929148
12,64028323 5,36033478
-1,16836722 -2,26636249
-1,54017421 0,17454755
-6,87114714 8,22342298
-7,23198429 8,81678922
-4,60363036 11,57584754
2,78410939 -1,92460378
-0,48305171 -0,91289965
8,93689387 7,39440609
1,5669771 -3,47626313
10,71264859 8,45457242
3,18985863 -0,74907571
-1,80389991 0,96722946
8,40498771 6,90340747
-10,11411353 12,59714543
-6,69265523 10,23724972
-6,15095854 8,52266015
-7,0446039 8,92615846
11,40326496 6,22741494
8,52839439 9,89653279
-10,17773394 11,08352785
-7,02454193 12,54496593
-9,62428892 12,54367394
11,62569923 7,25805438
0,371565 1,19745309
3,58374018 -1,25017158
12,32826268 7,15254371
-8,92581698 9,72712287
-6,78996842 9,8149683
2,0615796 -2,15810159
-8,78006434 12,13647338
-1,50901989 -3,57472154
-6,69787813 10,30795367
1,43705414 -2,59061771
10,02023243 7,33904396
13,39815252 5,94858318
11,84509029 5,14746034
-1,42516936 -2,14340594
-5,3072818 7,39469172
11,77509371 8,439504
12,71447771 10,01701703
-8,1808079 10,18256306
-6,32819206 10,86794221
14,02779769 6,70282988
14,25513813 6,29695958
14,1467675 5,0834319
13,54339108 6,85852846
0,63424678 -0,63669859
-2,13189802 -0,55621163
1,59744691 -0,63350566
-8,61521865 8,06891052
-1,34372454 1,1101334
11,31084821 7,73471233
-0,34140231 -3,43341972
0,76977904 -2,37596107
11,46607937 5,5277529
-8,83439619 10,65013792
1,2823212 -2,2540325
-1,7865724 -3,6418684
2,46408672 -3,47650622
3,03383309 -1,1361708
13,42532214 5,9177156
-8,72997819 7,60510349
-1,49156096 0,0029377
1,48087859 -2,82962175
13,92902996 9,81920721
-7,08644595 8,63036024
12,22871056 7,31332478
12,93858915 9,76148619
9,64480392 6,87080614
-6,24970837 9,58051861
-9,98829316 11,89802458
1,75044724 -1,39414995
-8,45952244 10,06142543
11,71341388 6,18242332
-6,34995695 10,03160001
-5,95807001 12,14006198
-0,88511884 -0,24501822
-6,71456777 11,99644529
0,61654211 0,25158485
2,32104037 -2,58833287
11,56018301 6,09104187
0,90322136 -2,30303503
-2,08213972 0,123461
-9,37825463 12,07880066
13,62122958 7,33760503
1,18484484 -2,94141391
2,67344243 -0,52537201
-7,40445674 9,32301342
2,45981965 -0,48103005
-1,62562168 -0,53345925
8,66599647 8,1817135
9,33097345 9,86312688
-0,82912885 -0,61637571
-7,87591618 11,69623806
8,70292839 5,20051666
12,83271027 6,51237658
2,30141217 -2,5489572
10,57676325 7,85811946
-7,4009935 10,91583181
9,4484573 9,98055545
-5,56926154 8,48766499
-10,04399661 11,28527586
9,99296474 5,54556845
0,49713688 -0,63413402
9,12087101 9,21335517
1,85276728 -2,70888821
0,62394447 0,75023999
2,57697217 -1,43317468
-0,76858054 0,25569593
-9,65012541 7,46858132
8,88638347 6,29190358
9,11759713 6,45725145
-9,75209009 8,43099334
-0,90827727 1,20884439
-0,4214774 -2,48780829
-6,14560256 12,33565514
-9,53227273 8,52496436
-9,65440934 9,6589511
9,32077979 8,50726296
11,57855542 6,69794266
2,75192603 -1,42050263
13,87288226 6,93369565
9,71832606 5,43225359
-6,58732112 8,2509233
11,89805554 5,97669967
11,28955078 8,87203168
13,6613102 5,46911313
0,33690786 -0,30125097
-6,06704666 10,4858858
-5,48518887 12,06979429
-7,2588808 9,13427367
9,73337945 8,79659218
10,86758392 7,39010105
12,38268721 5,93129818
12,68917566 9,71453526
-4,81273324 7,85216792
0,5876287 -1,39221725
1,7105842 -1,64838083
13,31814664 8,84013529
-5,83151464 12,4142161
10,04878612 6,08251264
-1,49398832 -1,11379999
-8,86233871 7,67220954
2,05723771 -0,52185286
3,17153271 1,29857405
9,84937651 7,96945733
12,96383031 9,750639
13,95720766 6,06657185
11,47774714 9,98501082
11,09764367 5,16840065
-6,28348129 9,29653018
0,75135351 -3,90517047
8,41110417 9,09793611
9,37374548 8,34790012
-9,80082671 7,62986865
-4,51969832 7,39444998
-7,21452038 9,61991122
10,03579814 6,77994604
-7,10762239 7,63048277
-1,39317089 0,78891584
12,54094361 10,06454115
10,43911869 8,20742689
2,86345646 -0,46981494
-0,73892865 0,11212995
-5,72653096 7,83553158
11,54767109 9,07431999
1,09520909 -1,2275231
3,22293762 -2,98320278
-7,79445033 7,79672794
11,73341945 5,67536316
-1,58787583 1,15952384
2,48822436 0,13004586
-4,76284967 11,58556752
0,47761071 0,53436903
-9,28698573 8,50261939
0,83447508 -2,46739468
-7,92107902 12,28962949
2,60647824 -3,1555923
-1,99888123 0,07840642
10,19756759 6,32348444
-8,6627246 9,83727242
-1,12240899 -0,10992611
3,36436997 0,27674395
-1,32478108 -0,89280357
10,09192757 5,52571076
3,66313964 -1,51294651
10,20030275 9,82339325
-8,17669727 9,53062208
10,60848133 5,89227714
1,76812094 -0,52512813
-4,93259119 7,75919804
-0,86769631 -3,62619219
-1,58042429 -2,18286212
-0,19582489 -1,15166282
-1,63528542 -1,41250184
-8,9399714 10,88749668
2,76356444 -1,80189388
-1,47667989 -1,42117132
-0,27517368 -1,40974205
11,64150661 10,22139301
-2,14547492 -1,74419601
2,27401867 -1,7008466
-7,32522892 9,68043273
10,57010577 8,80385876
14,17552842 5,21393396
12,12355938 9,61179395
0,78828888 0,52183846
-9,82559102 7,58125927
0,20363004 0,96568059
11,18254749 7,34690717
12,90940691 5,54121398
11,56911134 9,6088438
10,74988895 6,03509174
-8,47372243 8,21579037
9,29385318 6,27548807
9,73060305 5,26453271
-5,84416253 9,01905798
9,20875371 6,57893045
-0,81839316 0,18643919
10,44112076 5,72712354
-9,73609944 9,42535866
-8,18537375 10,37591588
12,62072843 9,25342162
-10,17119378 11,48396009
-6,54580368 9,58889686
2,04516489 -1,61540429
-8,02411539 9,1835731
1,98023758 -1,26967694
-0,32215007 0,4975699
0,86388595 -3,0983719
14,10470585 10,08650017
-1,3497994 -3,63241612
-0,90524767 0,36600098
-4,63465152 7,54318178
10,65994214 6,80136562
-7,01860751 7,912453
-5,36064765 8,92842277
8,75938609 5,40797179
11,91672131 9,08749908
11,62501415 9,91809851
3,3886919 0,88545964
-0,11396577 1,27044281
-1,88718797 0,99731435
9,24579194 5,8285899
11,45492771 8,36050625
14,26945571 6,14949748
3,31897173 -0,49175561
12,95377947 7,61878849
-0,90901325 -3,34041156
12,55125422 6,8324057
14,22535982 10,079891
-8,64281511 12,10646675
-7,95413785 10,0976901
-4,58384904 10,78079391
11,34065012 5,43871672
-4,68917991 7,44622393
11,6257577 6,5910672
12,90056722 5,59684947
11,37802315 10,16525592
-8,53234562 12,51991329
-8,94098976 8,59712455
-6,21650629 8,47779039
-5,69559974 8,98798984
-6,73191067 8,3387798
11,0699729 5,24527481
-0,84735869 -0,28511222
-9,0229084 9,1171292
10,81034513 8,92913302
1,62321663 -1,69757473
10,39488095 8,7187595
-9,08186094 11,5991297
-0,24412688 0,92830563
10,47764941 9,89245543
9,44573728 8,40965571
-0,30549532 -3,13782289
-0,61434238 -2,37801569
2,21850799 -2,8811665
-7,92450578 10,92332323
-0,06791724 -2,56947058
-6,57241228 10,58593394
-9,98843004 11,53355066
-5,11986468 7,79656779
1,6713494 0,14672592
14,05990093 7,76062566
3,03764579 0,53930501
-8,03038375 9,30467936
-5,61728716 10,68411364
10,98513688 10,1446047
8,40044317 6,81547037
14,08131985 5,37652458
-10,04363494 11,70054911
12,73669802 6,75977592
-4,70014294 11,87363576
-4,79137978 12,21716703
-2,1280308 0,16289271
0,83442995 -0,45747083
-9,68846657 12,61982743
-0,94119875 -3,0655524
11,00702734 8,89783674
-7,1792606 10,3356184
9,51689756 5,83001751
12,92627102 7,19717772
10,81404161 5,56141081
10,62877146 9,50370901
13,8580629 9,9976932
-7,35893687 8,75097552
14,21092162 5,86630038
-7,39697129 11,66066095
-5,35689471 10,64326593
9,0387071 10,21340976
-0,32550136 -1,84776986
-5,95960359 8,44524364
-0,72884423 -2,43784048
-9,87459831 9,38301811
9,15015698 5,70832693
-9,12961519 9,92037264
-1,63139675 -0,38834027
-4,40310331 9,98089573
-9,22960208 7,4158617
2,49338956 0,9761068
-7,94965891 12,63167167
11,9036767 8,74462223
-7,90293498 11,24814827
-4,45314727 9,83034799
2,80643957 0,25225707
-5,30062601 11,98229253
-5,44434198 11,51558995
10,90793921 8,31837668
8,58843008 5,38904825
11,69036899 5,04119067
-1,75988083 -2,93735995
-2,04226092 -0,06842061
-1,55291036 -0,39027186
3,73251321 -2,21459746
10,13436961 5,23006624
-4,48788037 11,04325424
12,0669818 5,83787267
-9,34003565 9,14876254
-7,74684033 9,40957715
12,7438535 9,85464779
-8,83726236 7,6935524
1,75046663 -2,96629528
-7,91418176 12,4005217
-0,33202287 -3,29868884
-0,21084234 -1,11416349
8,87551931 6,58852362
-0,39489898 -3,02755573
0,67367658 -3,60937703
-8,50109925 8,39344688
-8,62497725 7,92642673
13,86448864 7,19544231
8,89078725 9,10626682
12,55119871 9,61885064
-2,18059485 0,82336639
1,87068263 -3,21474618
10,59385955 8,01117576
0,923535 -0,73399127
11,69359255 5,64785352
10,10457904 7,1015864
-5,3654326 7,67502472
-4,38497897 12,34766182
9,55700864 5,49248489
8,56744836 6,53068606
-9,67187379 12,27495191
9,52105548 9,7622616
12,87772842 7,63994266
12,18253905 10,06608386
0,87468814 0,53725532
8,57284509 9,48915434
13,69328505 5,93960577
-9,48269604 10,57153221
-7,69519267 10,60131783
-8,34859558 12,15284371
11,07075462 5,49305921
-0,0055219 0,09492932
12,77564048 5,22189696
-7,2424479 11,22842402
-8,42475535 9,2566646
1,32640965 -3,00135987
12,18550486 6,33277377
1,93808243 -0,78389471
-0,74562247 -0,57568272
-7,25570287 11,97070958
9,93622766 5,49887793
10,10339237 7,7159489
12,92495155 9,54706075
-0,94369878 -3,7135035
-8,71370675 8,06741315
3,19143797 -2,39128086
2,92138225 -2,09670655
3,67571427 -0,95250931
-0,90607761 -3,67433178
-6,26381686 8,25894896
0,62510809 -1,61053317
-7,87378268 9,14524707
1,0807557 -1,03043229
-6,30968658 7,69470055
0,06624948 -0,998649
0,0886408 -3,20861339
2,19500503 0,95644251
-1,48709956 -3,75405343
-7,24877866 12,53017214
-1,792847 -1,93690845
10,17746683 7,08935651
-1,95038227 -3,43201187
10,38202076 6,60416998
-4,90870443 9,69490399
1,57379878 -1,22619916
-0,26754817 -2,61689039
1,62497327 -0,81712179
13,56828829 8,53532611
1,09887202 -2,72722162
9,48936185 7,30937331
-1,39557764 -3,78513545
-5,9823402 11,8373713
3,52636013 -2,07348286
-4,55952293 8,62101071
3,19929862 -0,7119778
12,48192178 8,97144363
12,84960324 8,91723643
10,07599602 5,89371786
1,07231951 -0,4276818
-1,60391224 1,23376014
-9,14087507 12,53355791
12,78955695 9,38710863
-8,15854639 9,60498882
3,24176443 -0,88353908
10,40396861 8,30416818
-5,38832651 10,7653561
11,70553444 8,51915684
-10,023316 10,02276517
2,47068917 -1,85401712
2,88867536 -1,44243063
-7,4440254 10,28216325
9,60856901 7,10771516
3,62487143 -2,77306515
-6,27186309 7,57724478
13,087867 9,39376121
12,77549006 5,276628
13,31532973 9,2904168
14,23252307 8,42670184
2,48205748 -0,62696143
-5,73503614 12,41548143
10,68159986 7,33457594
-7,55447685 7,88193967
10,49768199 5,12826612
9,35495659 9,74478832
8,48125985 9,09034596
13,74957916 8,12584704
13,78903128 6,363201
13,64204802 8,39668555
14,13473169 7,88958122
-9,71829363 10,81142677
-7,27975928 12,41241526
0,26579661 -2,80206926
13,11510696 9,91100039
-1,29745094 0,26378095
-0,62205089 0,27395364
12,28566355 9,06836728
9,84961998 6,98754237
0,73841048 -0,87862125
3,59034641 -3,21847962
0,51582156 -2,32010906
-1,49253709 -1,14333034
-5,96356043 11,41664444
-10,10887428 8,97697202
-0,86268079 -0,58880596
-1,89957768 -0,39168231
14,19526929 9,32655312
13,54742906 7,96065937
0,63220719 -2,36592398
-0,40066952 0,88818442
3,05581067 -3,38680519
-4,83703334 12,31883063
2,16312169 -1,14338316
-4,80267752 11,96030546
-6,21531313 10,028345
-0,54369217 -2,28260129
9,9231039 9,58761576
-2,16612402 -2,73013611
-6,60255341 12,1152308
-6,79105789 8,69334767
8,95619546 7,75862587
-1,39994272 -3,64608186
-4,4331515 10,54229784
-4,86627466 11,48948148
13,56355812 9,52542962
1,01134989 -1,75518528
-9,90819447 12,01556766
0,56979683 -1,18539611
-7,11667135 8,81403115
8,87862338 5,64843602
-1,52066457 0,7852585
2,31626034 -0,93956866
-8,2724528 11,17635197
-9,58270084 9,20393388
9,14973356 6,21321619
-8,41695622 7,38862239
-0,69098879 -1,06260654
3,12111063 -1,39426922
2,47117152 -0,92183785
1,01673578 -3,06265602
-8,43892623 7,78504138
1,35645153 -1,01468358
-8,64744373 10,15110972
-4,48651485 10,81717214
3,01699424 0,59600462
13,07128578 6,40674465
-0,1041135 -3,35736223
2,42040117 -0,76165865
-0,83159169 -0,09450662
-8,74447144 9,9304315
0,46686818 -3,08128583
-7,37281786 12,31772175
9,23954522 8,78500735
-7,52761341 8,86822083
-5,94241299 10,26616201
-5,60460888 8,02427449
14,14995789 9,19983186
-2,08142001 -0,11917284
-4,85085198 11,45581193
-1,48687824 -2,22791268
11,39154344 5,84175054
9,72763257 8,58930378
13,3520334 8,31077026
2,27601819 0,56866351
-5,14327908 10,5895157
12,08366644 5,51232521
13,13868589 9,67045438
12,48521308 8,26422214
-6,24580697 10,64504259
-10,0687621 8,96149321
-5,30387321 11,15345929
-7,53341204 7,52119218
12,71980974 8,66935323
-7,95681744 8,5755161
8,42483452 6,63828248
13,24783217 5,36563912
13,72142806 8,79699216
-7,29562126 11,87631502
-6,61460822 11,32313137
-8,86433578 12,62891099
10,71765623 9,37424725
1,93553552 -2,55065138
1,48867116 -2,75812632
9,05100195 5,46525301
8,5174381 6,99090707
-0,10909572 -2,62869038
12,43622902 7,68664174
-0,02230644 0,04607879
0,34039245 -1,11778253
1,9511783 -0,72902359
-7,56912356 10,04539844
12,66638647 7,41111207
13,50854523 9,13083729
-5,10110891 11,04031051
1,60782867 -1,7375586
-7,55249584 11,52199073
13,66419294 6,4005803
11,74214795 9,29797338
0,84930977 -0,24642937
10,79242816 8,84202819
8,93807552 8,42574429
-9,78062894 10,20076406
12,26189968 8,08478451
11,73724137 7,70587719
-8,25667085 8,03881788
-6,2243839 8,17834588
-8,32551404 7,79035593
-0,30925124 -1,78213091
9,10172819 7,46769401
2,67365847 1,29637599
-9,90028361 12,36130568
11,05126907 8,2766828
-7,75688217 9,90838988
10,06203047 9,97453045
-10,05491169 10,63892488
13,6854637 5,10667424
-7,42272703 8,42756502
-7,44514637 8,62969971
1,3970568 -0,4483333
-9,81316203 11,20845915
-7,54990499 11,29704066
2,66559875 -3,02695651
-5,93425836 10,42525902
-1,72934667 -2,55960095
9,78626185 5,97872161
-10,11379306 10,50431463
-4,46582842 9,55289491
10,31360303 6,57449836
-6,55953884 9,3611904
-5,87019061 10,28560348
-0,03098086 -2,79039446
9,64402716 6,69922376
-1,55149248 0,32479451
1,43233281 -1,16865018
13,59668916 9,01760624
0,56527693 0,26099617
11,58546698 7,35218634
1,36004832 -1,59751812
-6,17031569 9,87048079
-10,08156265 11,64020356
11,83147738 8,21434206
-4,98905577 12,21179639
9,87823255 7,75188608
2,69335485 0,65199786
9,92197711 8,52949118
3,36518846 1,12874463
0,8817003 -1,56240747
-5,88058707 7,83719419
-5,01088785 8,32261545
3,25060341 0,5487605
12,08232781 7,62407674
2,45330499 -0,92845553
0,89572071 -3,07401195
-0,38647575 -0,91171572
-6,12707549 11,28908805
-7,56729192 11,39875353
0,75219399 0,52340267
13,90515913 10,06591519
-9,1194943 7,50832587
-10,14247992 7,68328349
9,4425057 5,2982909
11,72222665 5,17429652
9,05195758 5,65920129
-6,29529676 9,45187918
0,58316121 0,03985624
10,15964271 6,38566047
11,42256813 5,62537338
2,10476103 -3,77194824
2,36128356 0,79016892
10,61745311 7,57292321
0,4008098 -3,92242582
-4,84966256 7,75961055
-0,00761974 -1,67574906
-8,67547179 9,46157253
-9,43713757 10,10151097
1,85928726 -0,96491505
-5,62307092 10,03396346
9,95808015 6,25906718
12,26959931 7,68067653
13,47704119 7,14486007
0,31462507 -0,87922418
11,20399293 9,62141747
-0,93137895 -2,12778841
0,39954805 -2,02170952
1,96298364 -1,13319277
10,36171282 5,08603016
11,31478666 8,34931688
1,04555395 -3,57696738
2,75613769 -2,08611738
-5,468056 7,92942405
9,34322005 8,20691843
-5,43142778 8,03274843
8,85650714 7,1020096
13,83057587 8,40801717
-0,13735156 -3,17676914
-0,3819168 0,45276845
12,65247142 7,22301622
11,79674243 7,94371067
-0,5887383 -0,46073279
0,13665384 0,62126581
9,21634165 8,56047923
8,9597468 8,02966777
-0,80331641 -2,52378823
13,89158003 5,4645828
13,10097834 6,06824302
12,17412939 7,7739896
1,99603591 -3,23580867
-9,60314848 11,93552149
2,94152199 -2,65599928
-4,72258935 10,73733411
-0,82665348 -0,72992116
-8,40288627 10,53335147
-8,09989136 9,80011797
-8,14510812 10,31172711
-1,89850062 -0,46792719
-4,89100088 7,74445302
-0,53920242 -0,85860525
12,60530809 9,21465515
-6,51783862 8,14632193
8,46354407 8,60158292
1,80017307 -0,36089816
-9,5440105 11,83286692
-8,41465113 8,82140557
-7,98584615 8,91516597
9,74303512 5,02304363
-7,11552509 9,74442139
-8,39608508 10,90571365
-5,28030884 7,71882487
2,07339936 -3,81440642
11,83674554 5,9030977
2,49141815 -2,0419078
13,12916049 5,16776935
0,53981817 -1,8212553
-1,40496679 -2,04623249
-1,68650049 -2,61893305
1,5152361 -1,17964776
-4,34431319 11,46892863
2,08461415 -1,94491048
12,88056253 5,55802701
1,0247818 -0,87304887
-9,36389019 10,90388064
1,58507972 -0,24705651
11,84137625 9,86540631
-1,47241302 -1,27539977
-8,06003013 10,53766153
12,86725401 6,92384419
1,4030092 -3,34446537
2,60780924 -0,60864787
0,89992292 0,23947208
8,33146947 7,31277187
8,8845116 8,01911889
-2,01780894 -2,11506242
-4,98325653 12,30393118
-6,86252137 9,56077148
-5,25517988 11,25818081
-6,09840562 8,13613726
3,10413972 -3,14088295
10,76406217 8,37174885
-6,38223902 12,04003019
1,40374931 -1,32845115
-2,01858218 -3,35536644
3,64329106 -1,61681096
3,31217873 -3,07177762
13,32525458 5,70825082
-1,75191961 -3,37910906
-6,49854982 10,98397473
0,03542207 -0,13550131
8,73324253 9,58841287
1,88434489 -0,41612767
14,18492631 9,31450503
-1,35233602 -2,50945424
-8,46468877 9,49150155
12,34867451 6,14173596
10,11537771 8,22390038
-5,26207153 9,59288282
-2,04902113 -3,41271184
3,33852366 -1,69464473
-8,95206469 10,05081704
0,1929726 -3,31946631
9,31587413 8,94030336
2,69022334 0,88756275
8,54848213 7,54285082
-8,25987279 11,75749524
12,9200622 7,20688052
10,13008426 5,49256466
-6,25604062 9,23586346
-6,29481665 9,61330164
0,85771427 -1,34714426
-8,60064663 12,42294661
9,09254973 7,44881032
-5,67016895 10,47848756
8,54768407 7,10189008
-5,35205225 11,91980598
3,73950208 -2,68481442
2,22488603 0,12394677
2,38064348 0,2422227
-4,72515902 10,05369037
-1,12051396 -2,26589362
-5,59659374 9,19691441
0,68338591 -0,84983032
-6,23134846 7,90634122
14,13094665 5,65677758
11,25352381 10,23421683
-7,20666595 7,93366158
-9,64491044 10,60404147
10,10881444 6,62559818
1,2819375 -2,53844779
13,7288922 8,30867183
-6,58373851 12,48538661
-0,26915131 0,40074684
10,37613163 10,05951861
0,40768122 -2,38382213
10,58622253 6,36912948
2,31463898 0,7349426
2,14301815 -2,83762863
13,85616941 7,93216141
10,756623 6,26043287
3,4292146 1,29027112
-6,66296679 8,70435296
0,41010891 -2,68980102
-5,73549626 12,42321804
-4,7852721 7,74886072
-8,64859693 10,34167168
12,41902865 7,24164347
-1,80258327 -1,78186063
-5,43265746 10,01706188
-8,20885036 12,07528868
-4,91521325 7,74575834
12,53719446 6,09807363
-5,39616195 12,29912929
-1,59772307 -2,82626408
-1,74987607 0,0150213
11,09070926 5,39894176
12,90354183 8,2121815
3,22186742 0,04542172
-5,31922927 11,32588782
11,43345606 9,15204294
-7,26939807 9,32035774
10,78905254 9,84659736
-5,88508592 8,96289778
10,73823389 7,5144089
0,60457372 -0,22653029
8,61083753 5,04378122
-8,69446937 8,92395006
9,24126886 8,01427838
11,19811387 9,35589886
11,09666593 9,05560072
0,28669857 1,18922252
-4,84104921 10,49424014
3,12606374 -1,89590581
-1,94327182 -0,11485979
-0,34465425 1,09235826
-9,89497234 10,72997304
-1,43011181 -3,21663106
-0,3645372 -0,28233956
12,82446183 6,69249096
11,21095859 8,87554585
-8,42185887 12,40926568
-4,80578207 9,91813515
1,05663018 -0,23724758
-1,84052365 0,28050003
-0,95272295 -2,19127138
-6,90255552 10,92589525
-2,08106222 -0,98056745
-7,71817678 9,50238121
-8,69088205 10,44374638
-5,37097898 10,87998745
9,17096865 6,0903608
-7,66778146 8,67560829
0,58493802 -1,56498772
-1,02892358 -2,86229404
1,32827031 0,50147045
-0,15980344 -2,08050949
13,21907399 7,74285187
1,62693395 -3,28334072
9,74507016 7,16628737
10,89497499 9,58246967
-10,06599213 8,94291318
-8,71803152 12,09225996
13,36930401 6,67553441
12,10015025 6,25710954
-4,56279336 11,11059716
3,09144971 -0,95616642
1,3434188 -3,56682846
9,0286268 5,37335374
13,11716276 6,22716547
13,29166143 7,75586191
13,48584308 7,24486728
9,7334173 9,58492123
12,49663585 5,6084217
-1,92289226 -2,46464392
0,02115334 -0,87177107
-6,22163947 9,01360929
1,68282556 -3,72135326
-5,2712252 11,07837938
2,93484502 -0,33572333
-6,26075685 11,39740821
3,53053408 -0,53894077
13,60327273 9,88603775
-2,02179775 -0,68165061
1,23287911 -1,29271809
12,68904302 6,1146091
-8,98234893 11,3277188
0,29871583 -3,34590181
10,53874424 7,52213748
12,77411955 8,02695589
-7,38006104 11,29248842
13,90452044 10,14133855
-6,69268416 11,73308231
-4,96267744 12,42285887
-6,94525863 10,97908303
13,94814471 9,53710467
3,08481473 -3,67826067
-7,82751426 8,18526252
14,23390512 6,2266912
-9,03490032 10,95780099
13,83880984 7,4773212
1,82203043 0,52060673
3,21093328 0,38838371
9,09373517 8,77090553
-6,43511753 7,60645054
-6,64244663 9,37514745
-5,6845521 12,38864717
-8,28840366 11,33732799
-4,87725279 9,57455233
11,5974591 6,79134736
2,34553405 -1,03918752
10,43202151 9,68848556
-7,62890582 7,79334726
10,15530802 8,05545116
2,61420117 1,23599438
1,04670265 -1,26991104
-1,29308557 -2,02445157
-9,83148246 10,02937042
9,44612808 5,25182967
-5,71029941 9,09237379
0,30634034 0,26445844
11,73495298 6,34841202
10,66713113 8,50417883
14,01876631 7,48247174
-8,12376653 12,05910571
3,32896536 0,66848414
2,57440043 -3,68355123
1,62701921 -3,21452695
0,02176941 -3,89655143
1,35031624 0,04831649
-8,55361976 11,22519821
11,32287352 7,23131778
-7,18509203 10,43165585
-6,44734901 7,9710535
8,50728167 6,84470297
11,15482737 8,24764123
8,76577275 8,89974599
-5,85815551 8,23476721
3,5073335 0,620282
1,87428168 -2,15037025
12,27603593 6,06243689
9,55884713 6,18293679
-1,09665955 -2,88162388
13,43801073 6,76282757
13,60327788 8,9138392
-7,77402612 12,39253934
11,77660995 8,3788968
2,31021983 -0,9574663
10,35087157 9,94174781
12,3337394 5,81040634
13,25524811 5,44390122
0,23747994 0,66482666
12,90447499 7,40651213
12,96584719 5,73016225
9,95203719 10,08846779
0,64466963 0,66413212
-0,49646881 0,620036
-7,69413225 9,9071252
-1,72264394 -3,80253496
-9,94132538 9,89640397
-4,39405123 9,68001689
-1,15626071 0,90309288
-5,96680608 8,7211617
9,10059793 6,0527992
3,32745155 0,12741114
2,16206376 -1,34151779
3,57886154 -1,39330831
-6,60945414 8,36883776
10,92087964 5,82611934
1,40624362 -3,6397655
12,0334539 8,08255744
0,13639757 0,34596673
-5,36122687 8,00022139
2,37400252 -0,76487905
-5,20159559 9,08170925
-9,58448013 11,84648981
-4,76430066 7,3887527
-1,9582549 0,55933594
-6,79324836 8,26296171
1,64460306 -0,0255756
12,82739338 6,40459554
-0,60154938 -2,54166062
11,05596832 7,91838259
-5,80205938 11,34644233
2,1650192 -1,74807038
-10,2405929 8,24854838
-8,49346175 10,42493568
-2,11824693 0,53185701
-7,8497244 10,91236375
-1,70154723 -0,94047664
11,31832134 6,73561053
13,62334277 7,32547498
0,86076584 -0,7135087
0,09211903 -3,37889562
-6,07264505 12,30623623
-2,10835515 -3,21665799
2,09947716 -3,17084098
-7,13546942 8,22990969
-8,90742366 11,17676202
8,79073152 5,04969228
11,21134478 5,82342441
9,88563259 5,38352676
-5,32661387 10,18213644
-1,03447966 -3,28333791
2,30103632 0,23531947
0,2234739 -3,5071897
-8,05643179 10,31035153
0,60260604 -0,58570862
0,27114002 -0,99434955
3,66171207 -2,61961007
-4,49461543 10,62946448
12,91721899 8,52937352
1,03342829 -2,85516809
-0,07990229 -0,36968381
-0,77791155 -3,93178803
12,93998917 7,57869977
3,15024763 -0,38769191
-8,66993174 10,5714974
-5,81377269 11,91556428
-1,60514681 -3,58728785
9,27577331 8,86442327
-0,61000415 -1,74695383
1,87584324 -3,40060432
10,71983902 9,94189022
-6,99247296 10,70720081
-7,38667709 8,17931686
-10,15905747 11,34554919
2,97719686 -3,58880434
10,87625299 5,43049291
0,80521511 0,94451843
-8,3391109 7,57139562
12,78938125 9,66779002
-6,72450541 10,12521624
-4,82974947 9,05117508
-4,35955066 11,98037294
3,57813954 0,43586853
14,23297244 6,62572462
-7,01288482 8,78933669
-1,88419806 -2,43803234
13,19020229 7,77742892
1,74435433 1,24771246
-6,61460179 10,57690606
2,75098371 -1,36093931
2,86275043 -2,00833354
8,98705374 9,12568072
8,57585538 6,7539488
10,2530311 8,23042887
0,40109205 -3,8945022
-7,10840888 11,8077298
2,75317684 -0,52270382
-9,87986674 7,85092131
-5,43413466 8,21858568
3,59407023 0,67001779
-5,85043398 8,57112827
-8,73426449 8,33145504
-7,88832313 12,42018438
14,0397461 8,84544932
0,43724033 -3,78465611
-6,15728936 10,04588183
-6,55432763 11,43800457
11,00407011 9,19340623
-0,04706487 -1,15597888
-0,1947501 -1,34588485
-1,73148273 -1,54720781
-7,25049919 8,79632284
10,56508379 7,74784237
14,18830798 6,47835679
3,60040954 -0,63770055
0,25340601 -2,93162851
-1,35067069 1,15230242
-6,94236396 10,04450616
-9,75036 10,58365505
-0,56474121 -3,00456142
11,23233031 10,08692602
11,65115489 8,19892181
11,97515132 8,43588082
-0,01719603 -2,39361473
13,20798638 7,95183286
-8,4566068 9,80086033
-5,67995491 12,16062617
10,56417411 7,98753111
-4,91528786 9,58013853
-8,3765309 10,6873883
-5,19595096 8,93875054
1,9050706 -2,79629639
-7,68344367 11,26836586
-6,15998546 10,36627699
11,9457701 6,83326809
-10,0699847 10,92416902
-7,42873093 7,50777781
12,78874806 8,8746864
-2,04668049 -0,6999182
13,66226333 7,72831365
8,6098552 5,15492174
-9,18212979 9,42325293
-0,98290358 -3,10621803
-6,59677202 10,88058202
0,62886563 0,59163542
-6,69323302 11,82423617
1,85246708 -1,27386526
1,26843369 -1,69896297
3,27201424 0,04160464
11,96994768 9,07810181
2,64998103 -0,56433642
11,38784318 6,97278251
-7,39181742 9,43817711
-0,38608552 -2,54564884
2,36636476 -2,56088279
3,71153731 0,4851017
-9,97400977 10,65296328
12,19090485 10,0411131
11,28722644 5,18328382
-9,10948214 10,23503967
12,06944301 6,84471338
-0,29155972 -3,46503098
1,11048173 -2,47213796
9,2476464 9,59503949
12,06308713 8,32332781
-7,0735649 8,93234626
12,96561499 6,46051386
-7,24277566 9,73605138
-7,52346228 12,54281251
12,43118177 5,6758681
-2,04598834 0,27953919
-10,25775718 9,38493901
-1,80076686 0,49672611
-0,47197744 0,04115121
-7,480817 12,20954834
-4,74175941 11,83097536
-4,37498741 10,80312868
-4,83448553 11,44263421
0,64899654 -2,51231723
2,48308572 -1,16914512
-5,85678614 8,53796831
11,79579077 6,80647866
9,0128295 7,90572577
-7,25802503 7,92057395
14,0493527 6,48157014
10,6165632 6,31751244
-0,15309476 -1,89603654
-8,87662685 7,43074542
-7,72774629 8,17438896
10,64401652 7,59670696
-7,81875975 10,24672544
-1,99372154 -0,50277147
-6,42320829 11,03490621
11,67791961 7,0153379
2,01716819 -1,85360415
1,43894802 -0,35548487
10,42107534 7,42494301
-0,07910134 0,83995159
9,52095479 7,2649403
-0,0542964 -2,71573806
9,81774687 6,27565297
1,03312024 -2,44606363
10,21908497 7,19466866
9,98370456 8,31030453
1,69652615 -2,89789319
3,13191152 -1,43256922
-0,33909279 -0,11609682
12,95931393 8,29610607
0,06449918 1,28333421
-1,54595735 -1,70347035
-6,91679408 10,29865749
12,96111988 9,86190407
-7,5153708 8,86779397
-0,96235138 -1,6723363
13,20207167 8,73082509
3,44424158 0,15599841
10,74067564 9,87282667
-9,20128435 7,42742334
-0,08950016 -0,8767441
3,32264806 -1,58675706
8,47895518 9,62203257
-8,20712587 11,75829101
14,06948793 7,10949543
-9,75149644 12,1227391
9,16927544 7,67944084
-6,51801046 9,0896333
13,38300416 10,22371372
11,97703272 5,39972142
-9,57374733 9,37776433
-10,13969284 8,53521233
12,25779544 5,41114803
2,10544417 -3,93116689
-8,21476385 8,64791542
-2,13441609 -2,8015681
0,65088986 -0,65070521
-1,10847655 -0,04751171
0,54068545 -2,32441798
-6,50885985 9,45151698
-0,00025851 -0,03721898
-4,36046819 8,52089844
0,53491578 -0,24911489
-9,60955604 8,04812977
-7,01642126 12,01519439
12,45038103 7,79046543
-4,72851219 8,49075361
0,45247407 0,79341754
-4,33057934 8,90341698
-9,37708901 9,3048776
-6,76615421 9,67634245
0,49480829 -3,37894032
-0,26438655 -3,18038022
13,33690908 8,58178768
-4,80377759 11,67764138
13,38146671 8,28344635
-7,51493603 11,33967785
11,17408306 8,67853286
-6,71955438 12,23736095
-0,75686406 -2,6772257
11,95953052 9,42548175
-6,89849674 11,5587909
-6,83566025 7,78903818
-9,49677183 11,22951843
13,73868031 8,09064041
-5,22473957 12,12077697
9,81298083 9,24507392
13,22612723 6,52641687
11,47461111 8,6725205
-5,12753799 8,48281501
-0,13412089 0,62515378
9,75625384 7,15942664
3,17165866 0,67508348
-1,4399793 -2,68932886
-9,89809804 8,70743981
1,6596517 -2,37993027
13,23394477 9,82860932
8,4908603 9,85413127
-9,80676547 12,07047
-5,45284221 7,41803501
-6,15859978 9,80782611
0,55401147 0,01773481
-6,86729857 7,90674007
-9,49119138 8,40147279
-5,96410402 8,93569965
10,95759937 9,89310106
1,57929256 -0,95531031
0,34226404 0,52241753
9,24792933 7,59774215
11,42560226 9,71013739
2,23777602 1,304167
12,55214638 6,3864802
-1,80832357 -3,26699756
9,5441687 6,94487555
10,85215534 6,11509647
-7,48455932 12,21587051
-6,56210297 11,02301155
13,03975528 7,00373341
3,09536941 0,87774553
8,61226363 10,15108236
13,65212904 8,81699895
-6,41289525 7,51256893
14,0530659 8,75213101
3,59241727 -2,45404984
-1,55600751 -0,59422725
0,41500302 1,20237255
3,18522263 0,15049234
1,37433377 -2,97016981
8,73214394 9,21186904
-9,01461674 10,22549888
-9,79874243 11,55083012
13,4092091 8,71476533
10,33356352 8,05846273
13,21660186 8,41869518
2,07389859 -2,04490604
0,87759555 -1,35849255
1,66481629 -1,13799489
0,86467641 -2,94318443
3,56325746 0,35018715
-8,9639387 12,40565088
11,12903282 9,0727588
-9,99974479 11,13509372
-9,27853646 8,4921894
-0,39556702 -2,06483809
11,72770721 6,05571139
-6,33974421 8,03055722
9,63028445 8,74628329
10,22389576 6,59370573
3,53752317 -1,86970639
-9,09367746 7,69410043
-7,66622931 12,31717661
0,1196327 0,4651065
13,81713562 7,96596243
-9,50642677 7,83757619
-2,00063667 -1,83039006
-9,50555655 12,37631371
11,58835066 8,6278414
-9,91556466 12,56947426
-4,9218144 11,6869527
-5,62330482 11,13292776
-1,42275438 0,54902197
-6,71998682 8,56093503
-8,75674229 10,46954091
2,38301535 -1,95300734
10,2343699 8,27261953
-9,53915536 12,0602373
9,82981678 6,18661166
13,3309491 5,96442607
-6,57292779 12,09814284
1,35712134 -0,84004557
13,75259298 6,1006792
2,47325893 -3,60479857
0,92345409 -1,50141795
3,26507273 0,25381394
12,77971868 6,11572086
-9,73549723 11,5123188
-1,29827397 -3,44938822
-7,74073014 8,50139304
-4,54061402 7,89525204
-8,96441148 10,65934334
-0,20549455 -0,87434113
-9,76312817 9,16939107
0,14433373 0,33068042
-10,23935211 12,11573686
-8,08804295 12,07462342
2,47628453 -3,21931564
13,16656898 9,11987132
12,1045746 6,75032246
12,37314283 7,29936428
-5,51625944 8,25201333
-5,71512246 10,81640691
12,28548916 5,56851617
-9,85082908 10,92846369
9,71278987 5,15431499
13,50876784 8,59037197
-7,23523461 12,05347818
0,22423132 -3,91523516
14,18833081 9,35386222
-1,07588027 -2,16782403
10,26234837 5,95887475
13,88693689 7,3514892
11,15020877 5,80341697
9,08079584 6,8940417
3,56922322 -1,37146967
11,73015032 6,24160515
2,11084668 -1,11856343
-1,38935622 -2,81197901
14,03027769 8,90697725
-7,93622707 8,67239791
-6,59540099 12,22420016
8,58036454 5,54405427
3,66490469 -1,85283372
12,07960097 8,47670694
-8,70872692 11,606404
-10,2077068 12,33487783
-0,59339777 -2,51072347
-7,45609481 7,60956321
-8,61680637 11,7903675
-1,93542197 -0,4050695
1,93427984 -2,97941796
-5,93341218 7,41777631
-6,23780832 8,70264828
-5,34238939 8,1648682
2,44240443 -2,55499466
13,94773499 5,72504668
10,42643832 6,12140878
-6,57731307 12,46996204
11,51638295 8,50181419
8,62397392 8,05698479
-8,94238328 9,67004232
12,90834782 6,29891757
12,61198712 8,18253096
13,16777328 5,48163449
1,93680354 -3,40697191
0,19308111 -3,36306031
-5,90533874 8,34534152
-0,32294095 0,39766779
3,12857776 0,05677722
11,49394098 5,59320998
-4,53883089 7,91191043
-7,78644932 11,62053867
-8,29079932 11,63876001
-6,23407336 7,84708309
2,21456605 -2,00701935
-4,55081177 12,00664126
-0,26949711 0,34965901
-4,37601302 12,10458027
8,88539191 8,53110745
-9,74605955 11,39045393
-6,65109704 7,67489335
-9,76085588 8,75507159
0,73561384 0,08466086
1,39874838 0,28401204
1,26060526 -2,78484548
8,86941109 5,84503474
0,00206872 -1,49761875
-0,35313082 -2,42649726
-0,6555265 -2,62267532
-8,98012982 9,60655261
-0,23042643 -2,22666151
2,69861052 -0,06182781
13,38527937 8,83713011
10,36270975 10,09372254
1,67795439 -2,62250947
11,05662715 9,12790752
-8,73230274 11,24447589
-5,54976684 9,91114776
9,51233952 6,39965723
-8,81548604 7,53872886
2,45333096 1,06834001
11,30397315 5,14913102
9,48207688 6,52716203
-8,64711358 8,31266659
-4,79876957 9,08122203
13,47330357 5,29147447
-6,19880062 12,02944549
-5,45741069 11,97525903
12,99130933 7,9066246
-1,80075506 0,49020676
12,43751327 8,16178498
-5,78766558 8,62121173
0,33645011 1,03505639
12,29181935 5,27530649
3,12245913 -2,13804334
-9,46296356 11,46075945
10,3736052 8,12352235
0,81013581 0,98426429
11,95386175 5,56115826
-1,44000861 0,7886557
2,64850164 -0,59158217
-8,49337531 11,32845593
11,32614254 10,19239826
12,76346386 8,13714814
1,7236725 1,02756168
-1,51797567 0,93741259
9,10421715 5,93680811
2,97750405 -0,6958534
10,82219755 6,24680147
-7,1826397 8,38754367
2,27995465 -0,13226169
1,32313679 -3,24197604
-9,38732554 9,21208156
-6,39150604 7,81850468
13,31604079 6,74489844
9,39642442 6,87490267
11,42664246 8,44324775
-8,64254353 11,89722595
12,5820922 8,01945875
3,03237314 -2,9164887
0,13531574 -1,8136483
-6,03392123 7,52256958
13,19311645 6,26528048
-7,73867536 10,32536235
-0,11518509 0,44414654
0,72783292 -3,40458939
-1,6632973 -0,92567858
12,37086184 5,90104896
-7,45139013 11,54723855
-0,28241647 0,0629522
-6,69111583 10,22994753
-7,41132218 9,08342526
0,53866354 -1,34168971
9,90897385 5,58700006
-10,0857144 7,42028276
-8,2117558 11,7059504
-1,40543953 -2,53499664
-1,92767264 0,1237714
3,40851545 -1,80721285
-4,4230573 12,62216354
11,49016974 5,24488779
-7,24377385 12,57800814
13,22537946 8,65637699
2,15017631 -3,77477357
-7,75288942 10,53331027
-8,10771514 11,63551832
8,64534897 5,6360265
-7,26399 12,37517917
-9,66383357 11,05312086
-1,47917369 -2,53743095
10,58109602 8,09932353
10,74581083 8,50064739
-7,12953368 7,68361143
2,30957192 -1,51588934
-1,07179655 -2,85764863
-9,10809188 7,92181425
11,36636576 7,33129981
-1,17263368 -2,33984066
8,92681079 8,79348657
-8,78394365 10,67686903
9,31740371 8,86857697
-7,32911128 7,45209076
1,76086771 0,37385421
-9,71465577 8,75339472
3,62815483 -1,90426716
3,51400248 0,7062396
12,06129943 7,46747456
9,62968602 5,72798039
-0,30936611 -1,78720993
9,17884531 7,85084063
10,31193551 7,12944407
12,77426599 6,5926614
-0,56296823 -1,95912919
12,40124896 8,7042053
11,38537821 6,38006488
10,56827588 8,32513937
-6,39579461 12,08269691
1,57359693 -0,16873166
12,66400494 8,61921414
9,05473407 5,6489445
-0,42812884 -2,00189597
12,09881014 6,18327984
11,40399179 8,95804682
1,57159258 -1,57852116
13,91422063 9,11457477
0,39277325 -2,84277053
10,87649841 8,4188713
-7,25220038 9,60923741
-0,686961 1,30642867
11,38164547 9,74060337
-4,66445462 11,39025315
0,11723845 0,45740175
-6,85546978 12,12779438
9,62455941 7,22893608
14,04992017 10,01199067
13,6233298 8,95689048
10,51213831 6,37849288
2,64786941 -2,53224916
-8,72547432 11,35145749
-1,0023983 0,98378356
12,27224745 5,94277992
-6,78290109 8,94760864
-2,13789736 0,91476373
-1,79941261 -1,99663508
-4,38058055 9,50693596
13,5071702 8,45789413
1,25177223 -2,50210101
-7,12746216 11,22852012
-1,57896086 -0,92698839
12,71823778 9,73108737
11,46962409 9,70161905
2,57794417 -3,61965828
0,39225253 0,5639702
2,819374 -2,66753144
10,89600834 6,18374092
-1,30766127 -1,14440811
-4,82455991 7,63593027
13,48249474 8,23966198
13,47975457 5,19728843
-9,99249062 8,02669277
2,86417003 -3,21591735
1,46798247 -1,14238135
0,20304838 0,08348262
-8,73718185 8,41254116
2,85788123 -1,14611592
-8,96464843 11,97676242
12,43860055 7,4439158
13,84275518 5,53367778
13,87710589 8,69558136
11,08420507 8,49907587
11,93494003 6,29525318
10,79201428 9,31000995
13,32124632 5,36866867
-1,65842546 0,06379247
8,98086511 6,56728951
-2,15125789 -2,75096365
8,89440047 6,49676391
3,00095261 -0,407334
-8,82258087 8,47720781
13,48395808 6,15323518
1,95215402 1,08763483
-7,03494206 12,61145154
2,20022808 -0,47340109
1,63023598 -1,19536907
2,56615251 -1,87580653
-5,88938063 7,86549335
13,06030561 7,22327864
2,12001352 -3,59108059
-0,91976755 -1,55524596
-1,73507635 -2,00541024
3,62217881 -2,30218495
14,12620271 5,16063218
-8,80414669 11,84804594
3,25371538 -1,66653624
3,74832083 -0,42250011
-0,23820355 1,05609753
-4,4475462 10,82231778
-6,6255933 9,75291758
0,56428988 -3,68823446
11,75549981 9,50874374
0,73744671 -3,89961191
-6,35462336 11,37117845
9,18915494 7,97426831
13,96758791 8,62563261
11,20395669 8,02863423
11,10619119 5,84459629
-6,72022098 11,91224766
3,54672942 -2,64946394
-7,20983645 9,94516481
-1,5446053 0,96900131
8,38508887 7,34031639
-6,71020708 12,50256479
9,86361721 5,58598637
-2,13738981 -2,1052762
12,49918789 5,23930815
11,98542932 7,86265499
-0,044034 -0,95241058
3,44070595 0,21164117
1,89051571 -1,910945
-0,56834962 0,50854324
3,63181176 -1,94616926
0,84989255 0,58569633
13,07395408 8,0568057
-0,73738912 -1,85597915
3,36237717 -1,60166364
-9,10784108 7,952129
-5,39397616 8,76568651
-10,14316222 8,92224331
-10,14523652 12,24576762
1,45860564 1,05282939
-1,78333469 1,07340012
-8,25312535 8,17831949
12,15994117 5,40558541
13,08619672 6,68787226
-2,1600214 -2,99021346
3,6776031 -1,29067785
-5,99645561 11,26895169
2,84262215 -1,74657024
9,69703003 7,85912857
11,73181725 5,62756053
0,37749959 -3,19557692
0,5842914 -0,76638988
-2,05815608 0,26216888
13,29330839 5,67605299
1,55905472 -1,57009201
-5,24642194 10,40527387
-10,11415688 9,20483898
-10,12945198 8,09100034
-5,83897369 9,45520887
-7,60778968 12,24465311
1,98879184 0,03144773
10,83542388 7,26655899
8,964065 9,49959136
2,388204 -3,73677354
9,51999436 9,8331784
0,94987751 -0,01944373
12,31909018 7,77283944
-5,34406535 9,95108107
-6,49757495 9,33038417
-0,82500031 -2,73347534
3,44315221 -1,97325597
2,38518251 -3,06527515
-4,81873728 8,64955653
3,21354093 -3,8640234
-4,70176373 10,69950035
0,28543617 0,24105652
14,27057034 9,95543645
3,13261418 -3,02807943
-7,65428095 8,19405048
-5,55830514 9,38176757
-1,3454304 -3,33407393
-5,75929633 10,41236829
1,8222518 1,26060018
-7,97952947 11,71509487
10,82830082 9,32659173
2,86764458 -0,67694182
8,94697537 5,66087962
-1,48270792 0,44578533
-8,98951605 12,16702584
-0,54579125 -1,34768974
-9,19529859 9,64798521
-1,57685849 1,23702223
12,93199695 5,65475775
-6,214667 12,06609111
-9,30243925 11,48878265
-8,45148212 8,83807236
-5,50573208 10,05734223
12,42754076 9,33376126
9,63143208 7,24231748
3,27298536 -0,86391062
10,13713055 6,39385112
9,37956076 6,29393743
13,67047909 5,75278169
-0,6043369 -2,08280032
-6,88747487 9,72514058
-4,73028247 9,76004876
-9,98300211 9,65533039
2,07915558 0,67692523
13,56788708 5,36920396
9,07865678 5,01243249
2,54291202 1,26857799
13,29703557 4,99495547
8,63210182 6,49107757
-8,05781902 8,03954334
-2,06261937 0,2420333
1,18585488 -0,33173059
2,80098472 0,48950155
-10,25807913 8,34653197
9,08300708 5,41519289
9,17859989 9,77189661
3,24832977 -1,69511207
-1,0257864 0,00652777
-4,68032258 12,21695144
13,41331851 8,72198625
11,69363673 5,11425509
-6,34365177 7,60309851
-7,2511974 10,55158697
-8,16696509 10,40977829
12,1513705 7,33617374
2,39894267 -0,40059209
10,4619093 5,05010156
-9,0210862 8,08984443
11,1069325 7,31478924
12,93086882 8,53266074
0,74434981 -2,36885032
-7,15822693 11,08092022
2,14505405 -1,31177089
9,30001456 5,05319157
-6,97594072 7,64465176
-9,91960734 12,62846956
-8,07687655 11,62999833
-1,97737837 -1,3112982
13,5376504 9,06768505
-8,67960873 10,47158109
-9,04444776 11,34279822
-6,11700504 12,59183951
13,40315833 10,14997836
-6,40080717 12,51769562
8,70820646 5,57889792
2,76591227 -2,54693722
-5,71446704 10,13040285
9,05202438 6,49870916
-6,98249044 8,20490239
10,73497311 7,24175717
-7,19608267 10,06425839
-8,36370547 9,57783289
13,40555021 5,78831579
-7,98645281 8,69949992
8,33729589 9,16662223
-2,10600169 -3,62827029
-1,6897733 -1,51680327
11,22890256 5,80363222
14,24565587 7,19817284
-1,14518001 0,31588805
-9,82851902 8,09172297
-0,10991695 -2,56652589
-1,72169142 -1,26786545
10,87722812 5,14684153
2,97216973 -2,01637133
-5,05686028 10,48639206
12,06006563 9,19594424
12,20798926 9,82610339
2,23056129 0,87745908
2,47520338 -0,798219
-9,68405807 8,32808079
-6,69129743 9,95807108
11,82223013 9,14611151
0,32741462 0,05243476
-5,80771711 12,2438868
-0,68589802 0,60984544
-1,94273068 1,16768131
2,46206723 0,90781361
-7,97583948 8,34968581
-5,55223772 9,99018862
3,68900005 0,23614768
8,39237336 9,5000371
10,42923272 7,3656503
13,33257304 10,03585127
0,99622061 -1,96076573
0,6207956 -1,14459114
3,70520201 -0,27095903
-1,38556979 -0,80798621
-5,78264326 9,79791067
10,96711996 8,4129041
13,02359642 8,87434034
0,84592851 -1,02334522
-7,65269777 8,20637483
-6,83409139 10,37600004
11,26262204 9,86948945
14,05747742 9,43648505
0,31376143 1,11237906
-5,5668786 9,52657512
-4,4049509 11,7576537
-5,58606431 10,88840097
11,25358096 7,79631546
2,78127771 -2,91069766
9,14852305 5,29556823
8,73814679 6,20362464
12,24725597 6,77939757
0,55810751 0,41924288
-6,67152588 8,37352758
-9,20509193 8,20935592
-4,98798818 11,77345675
-8,34620139 9,3472118
1,89586459 -3,20066172
-5,37105273 10,01344412
3,1863691 -3,63487561
-7,07068309 11,0420259
13,75521659 6,65776412
3,50602078 -2,65911684
-4,74064809 7,48742687
-6,04483944 8,85357416
13,4337548 9,50146847
-6,19325375 10,4806088
8,66081681 8,81415474
-5,48934541 8,10886892
1,67657163 0,50329778
2,78537047 -0,00480694
3,44431285 -2,02206747
10,32267835 7,55358293
-9,48979456 8,96496927
-5,65831694 7,96765641
-5,14301333 8,02960242
-10,17641525 11,15546034
1,98140844 -2,17039052
2,27347875 -0,45881338
-4,37667935 8,95480368
-5,23027959 9,12600127
-8,0434733 10,1036053
-9,85922808 8,57490147
0,63724797 -3,34197864
9,26032443 6,94170244
-2,14946353 -0,14197754
2,04346019 1,03445063
-0,08721683 -1,48462675
3,39643181 0,30815182
-0,30088618 -0,79385648
3,51789936 0,81151863
8,71061233 6,05640967
1,14012309 -2,7149514
9,25766005 7,82708757
-9,02629869 7,84039229
8,70378741 5,2957779
2,85676577 0,25712252
-8,48992961 9,30915544
-9,34491864 10,59214143
-6,57701645 10,82277927
-5,95779942 9,15271609
-9,10065264 9,59672552
-0,15195738 0,61532126
13,31094431 9,02451246
-1,24489671 -0,6309161
-1,44618056 -2,89469342
-8,23482451 9,40698204
-7,08644008 9,83832039
1,01747246 -3,67077501
-6,47420376 11,90451063
-1,03242601 -1,3234578
3,63539187 0,12263665
0,70804566 -0,89358067
11,06228055 8,55039536
3,11211658 -0,88659981
-0,32875103 -1,17574723
0,74024988 -3,80348096
9,08367895 5,11668605
12,8146958 8,09103788
-6,40823903 10,09233164
-5,01452408 7,870415
11,33094807 5,84807276
-1,76646988 0,15992984
1,71807381 0,52020996
12,41984722 6,97373627
-8,58261915 9,9311104
-1,10636172 -3,30989003
-0,4430519 -1,3389746
-7,15925019 10,25085956
3,02122216 -3,62433153
11,81024731 8,95613775
-4,40819097 8,62310179
11,83345916 8,02093298
14,21847726 8,08799369
10,81278197 8,13356761
13,45683011 9,22681457
11,67885616 5,93053212
3,6441645 0,14695308
-7,61520791 8,94845973
-6,03211144 12,05297001
-8,42620904 7,46539879
3,7373761 -2,31064208
8,7540676 6,78785239
-6,31683394 11,25149762
-0,2945576 -3,57405121
-9,8921162 12,56846435
13,99894905 9,46693724
-7,32846521 12,55288639
-9,10923355 9,82636664
-10,00773279 11,85291641
8,89826252 5,75801472
0,22301807 1,07874956
9,2338972 8,1227925
0,8147849 0,45787225
-1,84343537 -0,95545117
10,14526317 6,68556874
-6,70081005 9,25184027
9,68454022 6,48447974
10,73057092 5,500968
0,33237126 0,37234766
3,67400863 -3,53200053
-1,31439683 -2,3312093
-5,36871944 8,92959465
2,60537251 1,22954164
1,29911612 -1,56529144
2,14011929 -3,64882615
-0,85226713 -3,35003819
13,54512191 5,19583627
0,94383364 -0,57669639
-6,17158376 10,74178134
9,01106717 7,98002346
0,95317264 -1,40768377
10,908721 9,47297195
2,00851477 -3,30707097
10,48107308 7,60528252
-8,27692908 8,28484286
-6,96381733 9,54568723
-9,10091312 8,6329048
0,49651254 -1,32848733
-4,83425316 12,42305148
1,02608176 -0,77417547
-2,10657896 -3,78411008
-9,20027987 9,60581232
-2,05714447 0,89791854
0,98870801 1,26115266
-0,04207261 -0,1818831
13,66935644 8,89146959
3,09100955 -2,4958105
11,6376273 9,09023611
2,87132508 -2,37476038
13,74566131 6,55201182
-1,3044461 -2,46747506
8,88243458 6,49374129
9,03120766 6,35374439
-6,19684809 10,45714327
-6,0604508 9,5421754
-4,33266138 8,93188338
2,54775822 1,24717176
14,10934318 10,23187904
-8,98055304 9,91160407
1,91478978 -0,68177333
2,25538202 -1,57459066
12,18435143 7,18070414
1,32320619 -3,74423367
0,41636629 0,7614018
-7,05842862 9,47012515
14,10967878 9,74471678
-5,04840438 12,44792624
-10,026282 11,51633351
-8,94785223 9,78912968
-4,66486006 12,26165974
-4,36529632 8,6099863
12,97007147 6,04326089
-8,31508736 11,46278091
-4,54422824 11,04113404
9,78995539 5,48187526
10,26886672 8,38350889
-6,07302837 8,19187084
13,67504927 10,15224007
3,4032259 0,52458706
12,79044717 6,83427547
10,99745181 6,28075871
-7,09978119 11,10066957
10,61965075 10,20683599
0,2861522 -2,78434016
-10,25898952 11,20327125
12,03841794 6,50410181
1,62255154 -1,44418383
-6,70482 8,01858079
-1,0997667 0,3355949
0,19617537 -0,92743029
-5,37788284 12,32017834
13,66841673 8,56227066
8,47982088 8,45471471
13,56263566 5,07528835
-5,76532379 9,99816819
-9,06014631 11,08214422
11,87743956 8,87666613
-5,73582434 9,07168205
-5,26964831 9,71863057
13,0100287 5,99708122
10,49374994 5,2764607
-6,2689422 11,38290154
-1,67715049 0,2166523
12,27113288 7,54003967
10,99271251 9,72068564
-10,18759449 8,97786739
1,19931658 -3,45739549
13,73158725 5,96594084
-2,06939474 0,64564097
-1,33681322 -2,68278487
-4,4772368 10,78257439
-4,50296071 9,69974475
11,09131428 6,04209872
9,1932534 8,64738037
1,71391038 0,25563088
0,45178476 -0,11791005
2,73998772 -0,07267744
1,32246715 0,8946094
9,69702257 5,13592868
12,99565279 7,42860391
14,04532301 6,00566298
-1,19846382 1,27853022
-9,68730437 11,77892194
12,74020787 8,70953368
-5,49346043 9,23085555
-2,06060701 -0,53752843
-1,71956048 0,60529105
-6,61716244 9,31752488
-1,92233544 -0,11865624
-5,31835608 9,36659286
-8,0023683 10,25088473
1,04785008 -2,93248443
12,74595992 9,61489535
9,51471567 5,29648579
1,02976055 -2,36772413
-7,43099411 11,363776
-0,92028343 -2,90310294
0,1667799 -2,99370686
-0,4143988 -3,71775271
11,83051783 8,96702478
2,76265236 -2,87182099
-7,20000679 10,75048101
2,17168793 -2,83239181
0,42034503 0,45123252
-4,67900999 10,96884536
-4,74354767 7,51403462
2,03212058 0,17085825
11,05932327 6,51165196
-4,56465107 8,35654504
-4,79862035 11,29022705
-0,2497376 -0,01314445
-6,53478942 11,3189939
10,27918397 8,52192911
-1,4424917 -2,79999864
10,81753461 5,99087244
14,18973736 9,35670956
11,26564499 7,05409488
13,0051334 9,62237912
-7,33749957 10,0088197
-4,44159638 10,842032
13,65968364 8,53445068
14,242241 5,36515065
-8,4156714 8,56563562
1,9927185 -2,32034997
-9,02871516 9,18430579
-9,64800194 8,17685214
14,2566503 5,17870052
11,59971216 8,40692763
-7,65263795 7,9632401
12,07606005 6,56119124
13,10453735 6,1666325
10,75092999 5,77017632
1,37073235 0,06406649
-8,25215157 8,6102266
0,30952697 -2,70159302
-9,16576434 7,43475557
-4,57241213 7,69772879
-0,96091038 -1,80011344
12,7876807 5,48120627
-8,41936973 7,77014549
-7,93215788 11,71739861
11,80067259 8,58780584
-6,16149948 10,396885
-8,59503516 8,51943042
-2,00795897 -1,88668735
-9,38801531 8,51391478
-9,8470479 8,46748209
-6,31128665 11,95389431
-6,5920583 9,28879494
-5,99103828 11,61502819
13,64002528 6,45967216
-1,65969099 -0,8425245
0,23779219 0,33620622
12,46913625 6,31302222
2,68331118 -0,98940588
10,41905417 6,82557816
9,35620366 6,38795856
-8,59351518 9,59650796
13,45687871 9,8105561
10,72870793 8,95365341
-4,78166154 8,46483124
-1,71385171 1,06739521
-7,34766687 8,878263
0,23060633 -3,75461369
-0,57868246 1,20312794
14,11516959 8,51005306
-4,47581356 12,54339614
12,68852943 7,60106778
9,99818724 6,39913466
3,04899899 -2,9643808
-6,99918523 11,58322836
12,04251989 5,17122187
-5,81175014 9,47164663
-4,40809539 9,15850799
1,52155707 -0,99707794
0,11527486 0,16579793
8,58798334 6,57673026
0,24910876 -1,03742767
2,45316924 -0,11636621
-5,80581003 9,71262256
-0,44748815 -3,1044538
2,37081453 -2,81646436
-8,8974156 12,2770151
2,57635558 -1,59860293
-6,32940135 8,84907903
9,27772692 9,17455836
-6,73651829 11,76575881
-0,9201297 -2,19010919
9,88108653 5,31002439
3,72601392 0,40987694
-8,35316302 7,84876512
-5,74401815 7,40653626
12,03835443 7,76896746
-2,03556921 1,18463875
11,82847081 9,10096764
2,59753253 0,38237882
10,05999251 5,36546026
8,5902948 9,22262987
0,22792581 -0,84302736
8,85478725 5,35102462
8,42591013 9,42227301
0,28441532 -3,6595154
-5,88269039 7,97914293
-1,49688455 -0,48809643
13,54777098 5,06656747
10,84998393 9,9091504
1,62169464 -0,35885396
-5,49013945 8,32918432
-4,85771114 11,84518312
-5,67848647 10,420135
0,52757472 1,28995758
10,52142528 7,09014684
11,42565276 5,96190388
-7,78130273 12,07097559
-8,28458496 8,26896748
13,22520568 8,52045828
-9,9598121 11,03416801
-5,54590263 8,8938164
-6,50898125 7,98841171
14,09632554 5,60207321
-7,60655093 12,53094637
3,68363015 -0,88399211
1,85043472 -2,64430566
-8,50739693 8,1178323
1,95034946 -0,53575681
13,2471153 5,89737782
10,76870823 7,34371701
1,61154392 -1,79379461
10,79166699 9,3267534
-1,12617676 -0,17679259
-5,91413353 11,718413
-8,51672384 9,21558984
11,65060719 6,85561299
8,83376983 9,74089643
-0,476926 -3,53455391
1,52860111 0,04826356
-6,26429157 12,3471531
0,6208864 -1,47002337
-7,59360971 7,96697803
12,05679013 7,82496039
8,79701929 6,57804374
-5,47150375 7,70849645
2,07497851 0,34909153
12,34195387 5,71355341
-6,60623062 8,17645224
11,70214602 5,49617231
0,64223384 0,43924631
11,65741875 5,32564502
11,8198825 8,625403
9,06493559 5,92208024
-6,56389733 8,564893
-1,51161758 -0,98453271
0,29445004 -0,94214672
-9,49995904 7,46459161
0,81928376 0,27277442
12,25427545 9,49993593
-9,68477475 11,37995522
11,37787397 5,142532
2,89405026 1,25238263
-9,24330355 9,86089604
13,26073651 10,05853629
-6,74323338 9,12659564
12,18857903 7,2672007
12,5612193 6,73556585
-1,86676745 -0,57925111
-8,83989679 8,37560261
10,26948454 9,75215957
-0,22837175 -1,02511919
-1,59454435 -3,59013241
10,69256507 8,21844082
12,82265978 8,85104519
-0,08753485 -3,25601169
-8,35253944 12,51659131
3,4500458 0,96266414
-5,73695049 11,10454323
-1,59790483 -1,69495954
3,75166053 -3,67169256
10,65557979 8,98544096
1,40229406 -1,4657574
-7,07172921 12,43222575
-9,3441768 8,74154659
12,24887729 6,44651139
11,94203846 9,17912893
-4,81611344 10,69237081
14,13846982 10,19673482
1,84584229 -0,32639143
2,65629285 -2,18545248
-0,36387577 0,08170004
10,77304494 8,49206247
3,54080464 -1,03617643
2,76503085 -2,02322054
13,41530982 7,63386697
0,28508036 -3,89489396
3,38342121 -1,15448709
-5,29976791 8,5731191
-4,45722775 11,11811074
8,3607343 5,11433445
-0,9713245 1,01648129
-4,63245802 11,30799412
10,16148297 9,26526596
-4,40500712 9,65484318
-5,18602553 9,86411125
3,72458989 -3,36503689
-4,85939512 9,76057986
2,2942064 -0,62676845
12,73196553 8,88847272
9,40443132 10,10842141
-7,542428 11,17523522
12,57923807 5,29248199
13,62172215 7,91564829
1,91616597 -0,76658553
-5,55982724 11,7882805
13,91082638 8,76387047
-0,54936555 -2,07509336
-10,25106471 8,3606994
-0,42979279 -2,5401446
9,23787919 8,76579784
-5,18896952 10,40455484
-0,35093368 1,28023212
-8,19986683 9,06130068
1,53117337 -2,49184124
13,90358591 7,62115601
2,5664024 -0,945079
11,5448621 7,25833422
12,71357476 8,96073592
-0,22667341 -2,1688868
-8,20053871 8,04851263
-8,69840034 9,30438805
8,97670278 7,70864374
10,55983027 6,31605029
1,88105443 -0,29953362
-1,33552228 -0,98515236
-7,25011829 8,20557376
2,93569318 -0,00451577
10,56513374 6,65103831
0,14682411 -2,85067763
10,59573015 9,6902146
3,66608536 -0,57097384
12,96765613 9,30497088
-6,94983534 7,41894328
0,00753716 -1,82943461
13,35485451 8,22409348
-7,67613343 9,29865304
8,34362088 9,29894158
10,72124641 6,42374766
-1,41441688 -2,26141263
8,5139762 7,72006874
-7,48975513 9,40064851
-7,86503184 8,83198057
12,36730852 5,56367441
-1,10659588 0,07221749
10,18185351 9,84073858
-7,16993596 10,10399538
-1,53627879 -1,00683707
-0,26468462 -1,20594153
-0,35188363 0,27733599
3,07628098 -1,80275613
-6,31918601 8,59531537
-0,42147592 0,73744091
-5,85836824 9,77395258
0,04122824 -1,91129066
9,4577931 7,33272826
-7,82356101 11,25750094
9,48927848 6,45563378
-0,3627781 0,69569304
11,44556961 9,46511033
0,60420021 -1,24342142
2,04212933 -3,32459959
-8,88100873 7,81127439
11,76484808 8,0770436
12,2816547 6,31232352
-9,1503639 9,83461654
-9,59180237 9,39819174
3,30329109 1,19246341
9,65492441 9,19704776
13,85009642 5,44962081
0,84091604 -3,66447732
-1,82803771 -2,10528629
-9,17498289 8,12296919
-9,63075344 11,77881106
9,75384802 6,24998179
11,29436198 6,574131
-8,45664539 8,45446753
-4,77970863 8,17294972
11,97936626 5,82267575
9,85464023 8,44859265
2,89606243 -0,05334449
10,0260214 8,99064968
-4,82069515 8,45429494
0,79693609 -3,60320251
9,48617456 7,43259222
-8,05416365 10,93209119
13,62969963 6,23868085
-6,15782662 7,40292787
-1,28325404 -0,93827027
0,83658381 0,57820134
-6,18231735 8,49710826
13,16771041 8,77951001
13,94125854 5,04670617
-5,17864406 9,50219008
-6,83119699 12,11426834
-7,41728278 8,43805547
2,02878946 0,07526817
10,47895914 6,76199929
-8,34194302 10,23976061
-7,24721926 9,6978475
1,46390079 0,64350582
10,08505118 8,23197129
-4,8630512 12,5645259
-9,62805689 10,17458557
2,21806294 -1,72782887
-10,01032791 7,49272627
-0,35596951 -3,5429292
-5,19335515 10,41423105
10,35157964 5,07907587
1,5018927 -1,41816831
3,53526446 1,04850706
-5,23166466 11,89785557
-9,23305507 11,17366194
0,07147698 0,35625998
2,53596181 -0,68760671
9,76593586 6,3963375
1,53283887 -3,42207121
-5,04320508 10,12457743
2,7660945 -2,23474067
-8,78302915 7,70960013
-4,99194207 8,23034958
0,19623444 -1,03509352
-8,6607673 7,86132968
11,88490997 8,97217751
-5,86651246 12,61188449
13,92981716 8,00928378
13,11380439 8,77879668
8,96061304 9,40725621
9,12597681 9,64288829
11,76572737 6,60318723
13,1538012 9,43902233
2,20163049 -3,05178898
-0,60132428 -3,23025913
-7,42427687 11,89944428
-5,67785943 12,21017415
13,17952907 9,11084258
13,30002885 5,18077845
-6,29843097 8,00958984
9,07485819 6,20109999
3,09573633 -2,60378528
9,43308578 8,2209917
-5,34791179 10,88590419
-0,3557908 -0,02971516
9,53251634 7,11162756
1,21000976 -1,81888797
11,71193006 9,15556974
-5,77214319 10,95764232
11,01049883 6,95903849
-5,85496779 8,02985392
11,99477991 6,88486558
-7,95949468 9,58541557
0,08273522 -1,94683985
11,16692929 5,18198335
3,50746424 -2,28361276
-5,04414722 7,68437721
1,80264409 -3,38429115
8,56847512 5,85172694
12,26000935 6,58275801
11,79707499 7,22068889
-0,4680408 -2,32156081
-5,70561665 11,12313946
-7,75155911 8,15854671
-9,29719095 7,81526846
11,1650701 6,19697397
2,95114878 -1,30017647
-5,27576715 11,98002139
11,12483244 9,74909188
-7,36268623 9,92887341
-10,11206342 12,00217983
9,81278574 6,19682804
-0,8173704 -2,91238743
11,79499636 9,0030494
14,27252161 8,3596785
9,5460313 9,40057241
1,98370893 -2,49523425
-9,72212563 11,1500725
10,98477241 7,64499019
-0,82984821 0,95089279
13,60227236 7,34702704
-0,35099688 -0,61205856
-6,59656662 7,99137999
9,886076 5,04270494
-6,51048747 7,48900608
9,66366412 7,51166752
0,66580501 -2,93324065
-6,27385388 10,28204361
-5,43427124 12,11183749
-6,74471983 11,21037687
2,80124288 -0,79521132
13,69983847 6,5055693
2,51291295 -0,0485364
13,18440427 9,21979077
13,4970627 8,37017943
13,66101121 9,90669927
12,98245363 5,76778869
2,7563115 -1,50388724
0,85995835 -0,27144921
-8,45592441 7,86059977
10,16573496 6,16066471
-0,51445007 -3,53217645
8,68731809 6,46268252
2,77609758 0,6534605
2,75936258 -1,86834553
11,10108506 9,6193081
0,04796054 0,98892769
10,17896919 10,22831489
0,42772012 -3,52405962
13,92960334 9,01147877
-0,76087442 -0,17108359
-9,67785219 7,48324333
10,14654274 9,90560748
-9,22758427 11,83509345
10,41785608 6,04018667
-8,22660265 11,67698986
-6,60351975 7,54258534
-1,65223482 0,40919479
12,68811197 8,18105427
11,56230239 10,18203507
-5,65166056 11,26810014
1,53229642 -2,39345012
10,95928745 5,36390749
-6,49463532 8,97095163
-10,00352731 9,02163951
-0,65583582 -2,0551149
-9,94488919 11,58412318
-1,02563811 -0,12300239
-5,01021469 8,43681082
14,06221689 10,04431114
11,00282474 6,99806152
-10,16880071 8,09680825
-9,70774288 8,11456658
13,39790293 9,84653534
-2,10755917 -2,68270003
0,14328956 -3,68736571
-8,97152997 9,57703558
-8,27003319 12,30704601
1,0140176 -1,16436256
3,14996149 -2,27431292
-1,35683881 -0,83216624
9,64697047 7,52915904
11,70369998 9,40086337
-9,90169175 9,58881697
-6,0745327 9,34780945
12,2244311 7,90863888
9,52133478 5,65954718
2,01591206 0,04633875
8,88325749 8,36974493
13,21378531 8,24384638
-8,79050803 8,17340899
-7,58317415 10,91469781
1,52661002 -3,65774741
-1,83007337 0,4942763
11,64418322 9,58439384
-4,97525953 8,93236611
3,52091705 -3,01577139
10,00632085 7,26793025
1,24506679 -1,10959943
-6,41120313 9,75093948
2,48986216 0,62964584
0,10616699 1,23295423
1,23902238 -0,30056402
1,94059164 1,1747812
9,87084581 7,88702307
3,00061219 -1,54525938
0,21174586 -2,31790226
2,67291 -0,61358923
10,98308434 7,93566038
-6,50807732 10,29627254
13,87076363 6,78175452
10,40401664 6,43376998
13,44043573 7,25309134
13,74755614 6,37725333
-2,05191976 0,90478482
13,67782145 9,86249432
12,85264801 7,85823119
-10,0218055 8,43518997
-8,14122376 8,02725714
12,28606764 8,18745024
0,71456022 0,32321399
-6,78544226 11,07655603
0,97901456 -1,59842181
0,54985402 -2,9565703
-5,27240419 8,73432698
11,63995632 5,04537494
2,53109986 -3,81720797
-0,34873835 -2,03909052
11,28890015 7,81997484
8,63971569 8,15307426
13,55080246 8,90780285
1,4253524 -1,87752369
-1,76890109 0,97741854
-6,17733388 9,6730971
-8,12351167 11,65975876
-5,78333019 8,47018421
9,1820262 6,96651059
11,94637364 7,04953721
9,81464778 6,68864627
-9,80315513 11,87881386
12,46101638 7,97313598
1,52763988 0,19174119
12,18948965 5,0478942
10,91516032 8,30059805
14,14384985 5,39743304
-7,68062558 11,62314071
1,86123336 -0,23726439
14,23909163 7,24112557
9,49655387 5,94924605
0,91356004 -3,82911078
1,71762955 -1,47281633
-1,05922833 -1,46134154
-9,70934213 7,7989586
-8,03965937 9,79840827
12,23706287 5,19006398
3,67970971 -1,03407939
8,96844231 9,94292491
8,5427387 8,53847038
-1,54470118 0,04457866
0,76380068 0,03393943
-8,86906018 7,50666243
-5,43144551 12,02410744
8,5380389 6,33306859
0,70681667 -0,02220764
-7,29002148 9,85264733
-8,07677673 7,84185646
-5,14044787 8,15496264
-7,77704844 7,71222377
10,27298295 6,67709972
-0,65387924 -3,33184503
0,96793931 -1,17283525
9,72477275 10,18836289
13,28586992 10,07629813
-6,59800845 9,67335029
-9,87053914 9,16694825
1,90403106 -3,84769838
-6,94685807 12,21470493
11,68300138 9,55203873
-2,12726507 0,04125419
11,7557533 5,03680545
-1,92003156 0,33107968
0,98094419 -1,5597675
-9,8052191 9,21602974
10,90050532 7,21090386
1,91709762 -0,79355317
-5,36116228 9,13905218
-7,9385962 7,88642362
-5,63746112 7,81957366
-1,96473838 -3,74844166
2,61431421 -1,53521906
-1,41473109 0,15674773
0,87019537 -2,93638942
-4,52028699 8,00070189
11,91324962 5,16962604
-9,34141356 12,28047781
0,38895827 -1,57475671
11,84741186 8,19733341
0,46724978 -3,28585885
10,6792936 5,24248723
3,71276511 -1,51409944
8,83804615 6,54016297
13,48228654 7,63196361
14,22007329 6,18995862
8,77582596 6,65823943
-6,09990251 11,61518849
0,18343256 -3,21989494
-1,24255484 1,07173835
0,91064543 -1,09844078
-8,72198232 10,64805515
13,40777246 8,60652112
-7,01057922 11,25885719
-8,86354167 12,00477364
12,21142629 6,12232251
12,95547804 8,36526879
8,85698964 5,62650868
8,7158555 6,57666925
8,43620651 7,98352898
13,24491555 5,35772559
1,68634599 -3,03632844
13,57201466 9,55462424
-4,65240869 11,5997083
13,91796001 5,96869884
3,14244837 -1,15662567
9,12799733 9,66536282
-0,11657257 -2,39132127
3,09030542 1,11526705
-6,89671418 9,8134902
-5,34794683 8,66297843
-7,24162378 9,50887124
13,01523674 6,54810874
-6,32641973 12,07397239
8,63695959 7,53239736
-5,1907196 7,4003695
2,86433609 -2,08747003
-9,57786137 8,59753642
-7,21501224 10,56934484
-8,91553619 9,6137216
0,8005155 -1,65350168
1,56056337 -2,83668813
-7,32185514 12,43953992
-1,29958003 -2,25499081
0,58039489 -1,14536147
-4,73314856 12,61726239
1,78428364 -1,37431615
12,89561839 8,61303586
13,81405583 5,63589028
-6,29050704 11,64412555
-8,9100954 10,86345346
-1,17839081 -0,75329425
-5,57927039 9,96086003
12,26193546 5,2192867
-0,23798539 0,51312594
2,42810809 -1,16920749
-6,12077744 10,96021967
8,60060445 9,6326981
10,54601559 6,43912331
-1,80123957 -1,83813382
-5,13051676 7,72341007
10,59492978 9,64509279
-9,46020589 11,56069623
9,43376181 8,7784858
2,81345776 -0,71277374
-8,10750925 10,8692775
2,56332038 -1,98318714
10,02372578 8,74756149
13,31367485 7,79515907
-4,79016645 7,70734345
-8,27507517 12,11878759
1,36017522 -0,79612966
-10,18998733 10,36054537
-8,53808719 11,33533617
-7,87236646 10,09860353
-6,9941117 10,63248206
-6,41222203 9,56005149
-7,15429238 11,39022744
-9,61234617 11,13706133
13,97525549 6,50298719
11,96959636 5,85667735
11,77518394 8,36339937
13,60074452 8,02184085
2,36668335 1,03849089
-6,71590199 9,85388406
-0,27219803 0,15826809
13,62492601 7,9566616
-6,60510571 11,60142773
12,7351015 5,07650437
-9,7562311 11,7095985
-1,57700332 -0,98330152
0,61664618 0,79841983
-7,72831321 8,36245518
11,17768067 6,65577701
-8,53302858 9,69965388
-6,05882998 8,05545793
-8,35651385 8,40633613
-8,40449652 10,67019073
-6,96302758 11,76959552
13,01779148 9,26882163
-7,90779733 11,18849284
-1,61637142 -2,05092163
-7,51320151 11,4622903
-1,95392206 -0,20550831
10,56509217 6,09508011
-6,30825372 10,65014018
0,36991226 -0,07005426
10,27994987 7,69101684
1,64098763 -1,80832892
10,55820342 5,55841273
0,13748953 0,32796967
13,70652786 6,98548268
0,35801269 1,30687954
0,49798084 -2,74978665
-4,47696835 8,36393059
-5,75592891 7,89195247
0,11335998 -3,7253007
-0,64339834 0,06238813
-1,11021552 1,20555908
10,57727589 6,94061067
10,8015201 9,91087435
-9,40464456 9,98166864
11,1961044 9,76190706
-0,45063499 -0,92373104
9,02120265 6,71911903
12,10608471 6,32234225
2,48726297 -2,91494444
11,99702521 8,67653424
-6,59834633 9,21931759
-6,74593657 7,64250741
-1,52431855 -0,25693371
2,27602016 -3,92826968
-8,16852028 10,75584376
-8,70375131 11,43470307
-0,16104742 -3,5826114
-5,20692271 8,6716401
12,72044443 9,31630468
3,37313708 -3,66525307
9,89294008 5,07910608
3,08682176 -1,96307315
2,1159628 -0,42578145
-1,06614734 -0,29572648
-8,95695044 12,25607492
11,8362521 8,06728704
-10,23138426 12,07740613
-1,72580827 -3,76745292
-7,27017087 9,77657413
12,29793391 9,39063904
8,8500338 8,17613578
-4,83435121 12,060648
2,70299909 -1,48134453
2,55355695 1,21537561
3,75061255 0,27367711
-1,60862425 0,31808771
-0,98465248 -2,89619408
-8,03915057 9,20665994
-9,43429274 12,5997172
-0,3758206 -0,49409709
-1,66057065 -2,90265866
1,45348625 1,2016463
9,5266587 7,15461601
-4,91206896 11,4341691
-0,4804314 -0,40632227
-10,25801428 8,81910407
2,91964728 -1,37736927
9,6533485 7,31305461
-6,68167496 9,72509088
-8,32232619 11,22538179
2,54566289 -0,08842958
0,65147735 -1,80701611
-7,34532015 8,84964517
11,22537284 8,09440729
8,66802732 7,65415644
10,00946198 5,08053442
-9,39395259 9,9335109
-0,73227333 -1,61008643
-10,18692582 10,58486268
11,80126621 8,18688028
1,13108657 0,51590618
2,78023213 0,06600095
-2,16610857 -2,20001067
-7,00029116 8,55922106
8,54621325 10,02181742
10,29159311 6,26690643
-1,96697467 -2,10235221
13,00744753 5,69312191
12,40555691 6,39257327
10,05208483 7,42029028
-1,42574287 -0,66962788
10,34372405 5,22633268
13,99459123 5,38373445
-6,09738989 8,72481774
-4,87235178 9,13469581
1,35235922 -2,68638477
-7,26804098 9,49858111
-0,14010642 -3,50890921
13,62411266 7,06051385
-5,80987743 8,07299539
10,26780213 5,89393711
-7,42148334 11,1980212
-5,64483043 12,11003153
3,08771181 -1,62997297
12,67692519 8,87304789
2,48461376 0,28133743
9,87458838 6,87182136
-10,03480066 7,49016202
-8,18117153 8,79484337
9,36360155 6,70347677
11,90680734 7,40973565
-7,46813326 12,08149084
-6,86179011 11,2526514
1,46622288 -2,15875995
13,88842526 9,94903335
-4,34592887 8,24683408
11,74365026 9,60428918
-4,7896434 10,18449294
13,32837567 8,89225505
-7,18835665 7,52725408
-5,44835226 11,36581225
9,62087489 5,54960896
-5,13000573 12,27256887
-8,05587123 7,81900924
10,81899282 7,00985437
8,69040439 9,18517499
-6,39902756 7,75432379
13,95701195 9,59731844
-7,96049508 9,81827052
2,85194124 -0,1993054
-0,02433814 -2,79564877
-8,07356781 10,06114726
-7,11065329 7,72287964
-1,8917354 -2,88403254
-6,85311656 12,37695323
13,99605001 8,93150272
0,62510724 0,44394105
8,69674167 7,69954808
2,45622344 0,87144473
12,84227193 5,91885281
13,73505035 10,07044229
-10,1862963 10,32525729
1,7805809 -0,11440003
3,46839558 -1,49729743
13,44228126 7,34742184
1,37033559 0,16326336
-1,70114948 -3,21242765
-5,97216347 7,82211081
13,34894211 7,67783834
-2,05033915 -1,0045041
13,97855815 7,74882803
-0,70951834 -2,57751735
-1,30727284 -2,13461712
-8,98263516 8,81712549
9,21726777 6,85119254
-0,76820463 1,04038471
14,19098748 7,93662491
0,6500163 -2,63898512
-7,87536485 12,3943066
10,31314851 9,79938912
9,97980626 7,70847479
-0,5690199 -0,35164078
13,49991788 5,77001613
10,2655698 9,05962256
-9,85546505 10,75176868
12,88795086 8,11100588
12,54712099 6,94102669
-5,12492175 12,13449878
12,74639438 7,48045209
13,06710691 7,4007466
-9,13619979 8,63952487
-8,43923065 8,44795307
12,09997103 9,01456616
-1,68528882 -1,56060346
-9,83418611 9,99304126
-10,1990995 8,50785195
-9,04725673 8,54427082
13,9865351 5,00534684
0,53953389 -3,34812995
12,95220549 5,11506883
-4,79057108 10,23850826
-0,64169665 0,99426415
10,64717296 9,46029007
13,86944954 8,5229042
-5,25315645 11,37648733
-0,17015623 1,21253082
-4,92378831 9,76464606
-6,10554116 11,09016779
3,63949062 -2,43967349
-5,63698213 11,54986841
-6,35845329 12,11872392
2,2975902 -3,13525359
9,80616057 6,01942056
-0,5989714 -0,13083044
-4,51521178 10,37138426
2,04001732 -2,20193968
-5,13675114 8,08272295
-7,38216704 9,80807169
-5,99008597 12,01748447
11,31623455 8,49650028
-7,72437672 7,788807
-8,89539437 10,38122286
0,50573224 -3,17475392
2,05332624 -2,82584486
-5,19808921 10,28882037
-4,43011667 9,75106335
-10,19859204 9,3317768
13,26516803 5,11748624
-7,11527418 10,47615658
1,43839778 -1,1572364
-9,21122678 10,29579874
-6,90639959 12,15992881
10,51211407 6,68181454
13,31967627 5,84823716
3,46324378 -0,79429635
13,26032247 9,63148121
12,1717474 8,76581386
1,19097235 -3,79187248
0,56227483 -1,86605948
3,24756071 -2,50651628
-0,39051112 -1,50434054
2,56186348 -0,16662079
-9,99907249 9,17247104
8,69411568 6,00477229
10,85052415 6,18153582
0,26170596 -1,95669576
10,04835523 6,57778003
9,97420469 7,79619815
-9,46156632 10,82732696
10,00603615 9,40851203
1,89745037 -1,4201655
-7,96868954 12,406439
-6,4253694 8,2076172
0,81554111 1,05295634
12,11626938 6,66960093
10,77927679 10,03778656
8,8634931 7,85747604
2,10483271 -3,68875303
-4,78781028 12,15892279
1,07572336 -2,45928175
3,26741443 -3,05125658
10,3353867 5,73715009
9,68059132 5,74655189
1,55511933 -2,58549391
0,99976223 -2,31130412
-4,56130542 11,73061509
2,42202133 0,46938437
-0,70229566 -1,3017259
-7,17798062 8,71983586
13,66919121 7,84770397
1,01019715 -3,63514577
10,40710423 6,29694901
-1,11560961 -3,62631399
-9,84633952 11,72846682
0,3935175 -0,25412016
-6,54336892 9,89255933
-8,8752642 11,8154185
13,94163496 9,46054663
-7,04687057 10,92493089
-5,35445587 12,51943665
1,28947427 -1,23289029
-4,58938572 8,65710717
-1,80234849 0,82574694
11,14267755 5,35273083
-6,43833132 11,97585755
9,10317056 10,11869817
14,10545505 7,70630244
3,02316023 -2,68421533
10,24528152 7,79316507
10,24211178 8,3418106
-0,6673497 -1,9179111
-6,68823785 8,98651263
13,9156565 6,78073067
9,72857905 5,55350627
-9,24997676 7,76273071
13,24605675 7,12675139
-6,79188229 9,49027769
0,7236651 -2,95984798
-1,39624207 0,30303274
11,67049463 8,88993736
10,92427679 6,94846208
10,22049804 6,9445067
14,0312407 6,20797523
2,25105199 -1,30178067
-1,05906728 -1,42104449
13,81377902 7,30544716
0,86285138 -3,88161665
9,4755427 6,92570713
2,86757677 -1,72526775
-5,46372833 12,00670651
1,3266035 -3,51570188
2,25606035 -0,49411508
-5,99636434 8,19340376
-0,78187207 0,40031973
8,70434126 7,29591133
2,56098222 0,83476017
1,32044863 -3,4864142
-6,53461871 9,49742355
-4,63743597 10,56448965
3,75312099 0,64579443
10,98070996 8,28246796
-1,40259937 -2,85305385
12,60629174 7,9147344
10,33553309 5,5598161
-7,16120134 8,38907457
-0,55872605 0,23932509
13,3429833 6,52795342
-6,04409159 9,21390512
-9,03401529 11,82035463
1,2811336 -3,335873
3,60720494 0,21935998
9,77427985 8,74659
1,33930011 -1,6221999
-5,34858765 8,02072036
12,52730548 9,6334221
-8,37836361 10,80199754
-9,2002135 11,22964536
13,05664236 10,09320108
-7,75264259 11,75353126
-0,72586738 -1,29913179
12,1110359 5,11336751
11,88717286 9,49383894
14,24459595 7,18602785
14,12359548 9,77004238
-7,62312322 8,73389852
-9,28450869 8,44111345
13,94286221 8,79221506
-0,29274815 -0,51365619
-9,27003255 10,00425121
12,92867863 7,71780963
1,80382249 -3,21802028
2,76155597 -1,745052
12,26857123 5,44128544
0,82476383 -2,87690111
-9,81831973 8,89913083
-1,47367416 -3,91571225
-4,8967085 9,5277285
1,9490493 -0,10008407
-5,73106899 10,59568433
-9,04735843 10,89757246
-4,46088227 8,89630299
-4,46603571 9,08730634
-1,12199627 -0,68158751
-8,61077661 11,65152779
2,87880586 -1,88367055
8,74127815 6,75788979
-8,03320832 8,25346119
2,91330836 -3,3689449
-1,76708367 -0,22020355
-0,04245267 -2,07355866
-4,61066949 9,25819592
2,07568677 -2,82915916
9,7693272 7,17078532
-7,65993623 9,51944477
-5,77766804 9,04082492
-6,52027433 9,37726093
-7,25977757 12,27256855
3,34399632 1,10055063
8,94485115 5,84328437
-5,10270335 8,21799514
11,89875926 8,67463407
8,88918163 6,01158075
9,85633733 6,44357509
9,61618964 5,10428619
13,70128904 10,0364667
-2,15971951 -2,437171
10,60793046 5,47911713
9,98015052 5,36241057
10,76337069 9,71997393
-1,38884559 -3,39760671
11,68266782 6,59421656
10,42876513 7,9767327
-5,84387175 10,24033123
-9,24425939 12,37643593
9,40899172 8,91985326
13,77445763 7,27864473
10,6138929 9,71402395
-9,92281084 10,96371259
0,215847 -0,41115264
-4,4610133 8,21580445
2,54228045 -1,09984264
-5,64633526 8,31038257
-7,83290009 12,17974169
8,34363637 9,97809727
11,04634924 5,83874084
13,63217473 6,0325247
10,96919471 8,37195478
-1,35820852 -1,01428111
0,10810852 0,57890544
12,81318507 6,39266419
-7,18006072 8,59823754
-0,85038909 -3,64158143
12,65664906 10,16571894
-1,78413525 -1,42990732
-6,23029804 10,37318811
-5,84182938 12,05121036
-0,66248631 -3,33746847
-0,52476873 -1,36912679
-10,25971267 8,33680084
0,58934755 0,73242863
-1,90502262 -3,91700159
-7,72797212 10,91899754
-1,19737046 -3,76359177
-6,90427162 12,33775806
2,58685136 -0,15056794
2,4595363 -1,65579001
-4,84529384 9,2049051
-8,42999646 7,74485047
11,5564902 5,24106992
13,16605099 8,68593705
-7,3635138 8,44822427
-8,72822134 7,72300247
-4,84026932 11,67334368
8,96759548 5,26168634
-8,34442133 12,06280953
9,59266508 5,3705054
14,06565786 9,95714769
1,87838715 -0,64047764
-1,59535939 1,08191541
12,84326205 8,84492472
1,96857287 -0,58913866
-5,90579568 11,85727985
13,66388681 5,52601093
11,36828436 7,98688338
-0,54689531 -0,41893846
-7,3571182 10,02854007
9,55268724 6,10166201
13,29462699 9,77878998
11,47103699 6,71161335
-10,16780266 9,27938234
-6,07500376 8,29352288
11,65401176 8,58060324
-7,73334718 10,2047552
1,19652471 0,50915567
8,52994822 9,57609209
11,94909359 10,18288562
0,0385015 0,67900949
2,95995692 -3,2333609
0,21763373 0,96218856
-0,7867716 -3,33958292
12,24853311 8,67182833
-8,42603717 8,86612188
0,82078814 -2,59363237
-4,98894351 8,30155322
-4,93526947 10,73871269
-9,18242522 9,02206761
12,79217594 9,89384577
-5,14974613 11,14495059
-0,19947549 -1,80365511
-1,89592368 -2,41022536
8,42322497 8,99079242
-8,4034767 12,11622082
0,18691014 -1,63240194
11,00019737 7,77453935
-6,89925854 12,35792302
-7,62214214 8,49890343
8,95221321 5,75406432
-2,05004388 -3,39718858
2,97622148 -2,05656253
-9,89038783 10,58299131
8,84032347 5,87967699
13,63536282 5,42776597
-5,62449368 12,11190286
-0,56168529 0,34735551
12,29282445 8,31031516
13,50760233 9,33968864
-4,82233505 11,59121842
3,3131006 -0,79877939
-1,56540269 -0,35592413
9,69233056 8,68700567
-5,65596519 7,43799516
8,76973251 8,21286639
10,17443992 9,11060724
-4,67404462 11,89737605
11,90094626 6,49141988
10,72138499 5,49620525
2,37523197 -3,61426653
-5,74548665 12,30767722
14,08086751 5,59703405
-7,68294242 7,48012371
-6,36061552 10,15791198
-10,08941938 10,84259767
0,35788124 -3,24375553
8,72573284 7,01972579
-5,04147862 12,12035195
13,02747681 6,18518374
-8,60927961 11,04161462
-0,65518433 -2,17848703
-1,15845153 -3,29069924
-7,29902026 10,95706937
0,17922953 -0,49418728
-7,2505591 10,47708023
10,43731527 9,96916808
8,76329442 10,10413556
-1,03321571 0,54397506
14,05321446 7,02618638
-8,9564426 9,71690959
10,6930561 6,3078698
-6,79530663 8,88849128
10,68229884 9,04786068
2,71848267 -0,1856258
-8,33084837 11,53138655
12,14872958 8,60771777
11,51862322 9,51769529
13,98717286 6,09589654
-5,61166283 10,92475504
-1,95959229 -0,36781232
-5,18625514 10,32918034
-8,7587341 9,52216691
12,82320565 7,5042364
12,72433434 8,39699521
3,2017379 -3,11124195
-5,01031359 10,74810171
-9,90893468 7,51276897
-4,71579397 11,95488701
-1,68276643 -3,91449709
13,85856827 5,96943285
8,78170997 5,39030092
13,43873764 10,18842261
9,0057948 6,38304402
-1,2403835 -2,70012592
-8,43195306 7,47378191
14,21865312 7,83450865
-5,76978026 10,46300915
12,45367067 5,40261213
-2,03912221 -1,34127246
-0,67122817 -0,76734874
-6,30060519 10,4683531
-1,86296091 -3,70131773
13,36634213 7,74857728
2,23418855 -1,57126948
11,31745423 7,48955912
-4,63920641 8,54902648
11,56186041 7,6508591
8,37226392 6,81577068
-6,44161475 7,92379793
3,61427732 -0,72943777
0,82620761 0,06338948
8,74718456 6,8779513
9,14067977 7,97875871
1,85575525 -3,5153714
-1,66511505 -1,57624824
10,75345125 8,41663299
-1,19789152 0,40425935
-9,66482518 12,03973017
-6,93077928 12,54250759
3,1767905 -2,26369724
12,84734674 6,82597989
13,92537857 6,20947929
12,83291918 6,70710061
2,40036557 -2,50077448
-0,0282346 0,83504962
-8,78700303 7,93172716
-9,2127228 9,44344313
12,12037494 8,82448401
0,12143756 -2,63146036
-0,59427582 -1,32737635
-5,59354821 8,39935216
-8,85023687 8,04879257
-6,6049339 11,73418653
-8,12038579 7,70770172
-6,35990517 12,52654282
3,43816513 -2,92676395
12,63037812 10,10676764
-5,40452368 12,52373894
0,31779305 -3,28877969
-0,22550741 -1,54861697
10,76895067 8,33245966
12,54449653 9,28565219
-9,78473524 12,34732118
2,10265159 -2,12328273
-0,32064142 -1,63671021
8,58336564 5,4471904
-8,7680015 7,94065624
-1,68233623 1,10308743
0,68204182 0,98321974
10,61113039 7,42716426
8,58239138 8,92310824
-9,4603167 7,94620126
10,63224543 6,38894257
-8,45396941 10,50147639
12,74252799 5,97191485
10,22211255 6,2955892
1,33339262 0,13759634
-0,5348909 1,26069587
-5,85196711 8,87450504
8,6298111 7,07926586
9,35638134 7,29694319
-0,14980682 -0,97386552
0,85381659 -3,483767
-5,68101561 11,67482093
-1,86529921 -2,12188161
-8,22013213 9,43233932
9,9396245 8,82593564
-9,2305762 10,18707827
-5,66833074 11,43934719
-0,80020633 -2,87456702
-8,16249684 12,18791831
2,41508651 -0,46976027
-0,84892781 -1,55141114
-2,0522201 -1,46708901
-6,9912981 9,59496501
2,79148421 -0,73046459
-1,46842948 0,62199455
-8,97240034 10,19205366
10,322841 5,66631205
13,83641527 5,30097404
2,04217534 -1,04654832
-9,53508619 8,39294049
13,82243216 5,44443415
13,62504933 7,40354139
9,68337412 6,6926344
8,68643083 9,35340187
10,289743 9,31959634
0,65656392 -0,28303518
1,34918102 0,47892588
10,99401758 7,67934709
2,82278687 -3,44691459
13,48231681 6,73164722
-0,66891085 -1,87949655
12,60373315 7,17980027
0,70308121 -0,93741839
-5,37808725 12,11917857
-5,93567694 9,4777458
-6,76852563 8,43443438
10,39966331 6,90995214
-6,79971062 8,82073547
8,88842758 6,78549664
10,89548983 8,07123783
-6,72247769 10,16261571
-5,408362 10,8305378
13,24066326 5,73945176
-6,68597005 12,39417407
-8,9406593 11,09671999
-5,00179988 10,4154552
12,00049913 9,65071686
11,04555357 10,05347294
3,05721773 1,17020851
-5,51696075 10,50001668
0,40749561 -3,7031121
-8,73848294 9,67694438
-6,17257932 9,0704577
1,06402927 -0,94625615
-0,75336545 1,21432729
12,51630622 6,08039151
1,49189021 0,0991998
13,34563208 5,41960332
10,62986346 7,86182448
13,64987724 5,33841809
12,34713795 8,45256857
-10,1331381 11,887649
14,13209137 5,89050752
-6,33706469 11,52020783
-9,10863279 8,34390618
8,59888928 8,82996613
10,48341721 5,87823656
-7,62064537 11,40924299
-1,74424044 -0,79885229
-8,70592257 12,28732376
-6,69027872 7,71782836
-4,86918021 10,16741509
-7,29101944 8,14026771
-6,51944973 10,1816554
10,05221676 8,5866438
2,12313756 0,64781582
9,78368067 7,95102372
-0,21689665 1,04145607
-0,43014813 -2,56497848
-6,72851635 10,45797125
1,40266308 -0,62845121
9,45428317 6,37539418
9,52979388 7,95460138
12,75479686 5,83670481
10,19264459 9,7916777
-0,42835627 -1,81366292
-7,22148592 9,90109957
-1,12617427 -2,55631858
3,05411431 -3,38858412
-5,29885525 9,56518025
14,16345699 9,15663432
11,07906572 8,83177154
1,20056369 -0,3063156
10,10416618 8,95237285
2,75168385 -3,76024537
-0,42036219 -1,77453077
-6,20408654 9,65953341
-0,28126629 -0,46120009
-8,54343449 7,5941682
8,51233336 7,2153809
9,79294066 7,1438697
-10,20193289 12,59037365
-1,57021741 0,07445733
9,98016221 8,67858917
12,21763122 7,74781158
-8,30966749 9,60702598
-9,0396287 9,98360871
3,34643493 -3,77778022
3,299154 -2,09780134
-9,46996595 9,11395893
-5,390623 9,37700809
-0,6515205 -1,21168643
-5,93682836 10,64257852
12,64173875 8,12901855
-8,74799148 12,21003699
13,01419419 7,80318687
-6,3963149 10,23265708
-8,40377201 11,93711231
-7,60126507 12,58692767
8,74773038 7,61024879
-6,97834712 10,33823101
-9,91094366 10,0597425
-8,3273626 8,40482957
-8,12177666 11,54168931
-9,98448616 9,19273866
11,50535327 5,79066696
10,89455126 8,90854723
-5,83553832 10,36297236
-5,09108064 12,21127409
10,20393363 8,82659923
-9,25728126 10,59947974
-0,13752474 -1,17735464
-4,56448015 12,16756888
-8,09068944 9,95512578
0,65267216 -0,99483882
13,7321414 7,73824348
-5,67324941 8,29377065
-9,25192459 12,6277106
10,1822344 6,71520759
-4,75551805 10,00333773
-8,41295798 12,03630916
-9,35409827 8,16950116
2,86162168 -0,85130463
2,94804374 -3,70222742
-0,08239093 -2,5681675
14,23409364 5,65544297
13,92512643 8,56674397
-8,52325706 7,43467606
-7,06276845 12,192795
-1,21080899 -3,15893169
-8,71717934 10,55361279
12,76199995 10,15922079
10,21904509 7,55984161
10,5033289 6,65386029
11,98819184 8,72833803
-1,32254471 0,79186238
9,54363088 7,63911126
12,83382901 8,93155513
1,70308038 -2,37424963
-9,88582008 12,0698583
12,02135731 5,96584346
-8,40195381 11,44993634
-9,30575614 8,98755587
-0,18832017 -1,26088675
-9,1326933 11,73366906
10,28452003 8,30119857
-0,93336019 -3,66146923
10,51174433 5,93297236
0,54929124 -1,30193515
-10,10838952 9,39165062
-2,10434905 0,43090356
11,86467825 6,45566151
13,88346914 8,97418924
8,88921925 9,05345505
-7,2716255 7,61113803
-8,84609847 11,72448956
-6,298611 9,68818556
9,942381 8,59261598
2,4710082 -3,61897977
8,53836103 7,83135397
-1,86673138 0,71221242
10,12178697 8,00638887
0,54560053 -0,25668398
10,82734745 5,77174827
-7,79746352 10,03119892
2,20862682 1,0355225
0,06153912 0,65847665
12,06106923 6,41767484
1,43772358 0,38833697
13,0060615 5,9105134
-1,91472367 -1,73335078
-10,03342242 8,6245032
-1,45024935 -2,82966583
13,62648572 9,50118471
-6,98061934 7,5867825
-1,51751859 -2,75335552
1,65915558 -3,34435266
-4,83553712 8,02168143
-6,25683543 9,89147004
0,71200449 -3,34501999
-8,94670407 8,81014975
3,32302478 -3,62370962
2,70682222 -1,49280355
1,94523543 -2,61578974
-9,11527811 8,69089294
-0,81439104 0,64547756
-10,07744356 8,54563963
-8,70175444 8,31197793
11,40827857 7,11214208
-0,98456759 -0,25312322
2,95577101 0,59007689
-6,95751072 8,38127634
8,33359704 5,09484645
-0,54217596 -0,01677324
11,24181819 9,64811785
2,12065191 -1,13886216
-6,40217947 8,60759178
0,44354356 -3,01546763
1,58946682 0,07969423
-4,41593384 8,11549589
-6,79328739 7,70198478
-6,01679951 8,02289768
-4,32227847 7,87536538
-6,24169296 12,46720777
10,95520885 10,06619048
10,6964554 5,15628231
0,22632573 -2,41794863
3,04787459 -3,57795142
12,70198133 8,45790372
-1,35409196 -1,41541744
-0,83236043 -0,7504823
-6,30701198 11,27788045
-7,84045312 11,76422002
3,72705692 1,08644567
3,4727222 0,62589721
-0,87256073 -1,38191452
8,47688078 5,92156802
-6,28555929 9,63698587
-1,54823311 0,39000505
-4,45088249 8,64078111
-0,49842056 0,38055074
-0,15196054 -1,45303532
2,30726781 -3,03423533
-7,62024593 7,49158145
13,14355531 6,46140827
-9,85419722 10,82190091
-6,19643432 11,23662415
11,11859201 7,86181924
8,84024561 6,77558928
-4,95107163 10,27088236
3,71897752 -1,53173487
2,25393976 -1,18342733
12,41555407 9,92714146
-9,82769939 7,9496533
0,23852066 -2,5258357
-9,07251438 7,93123722
-6,9569397 7,92708588
14,25131967 6,77442267
-5,38794577 8,35467475
-8,39313492 9,63656361
-1,96619371 -1,27760682
-5,93318771 11,94611935
-7,49339374 11,42445884
10,35267476 8,52027146
-1,57692057 -3,65867208
-9,09334864 10,601243
-10,17258024 12,38800927
-8,99632902 10,00503145
13,80019661 6,39502275
11,64315689 9,73343536
3,53931135 -0,95547366
2,73749197 -0,28544292
14,02383696 7,32949986
-0,3794543 -0,4441372
-0,35628259 -1,53516015
-6,31822814 9,25655861
-4,34513513 8,84978628
-7,98645417 9,18494393
-1,12484907 -3,69981101
3,32005802 -0,44468953
1,19745241 -2,96156996
-0,86905903 -2,6190719
1,05046023 0,41502875
-1,5134483 0,43430087
9,02671842 8,59776049
2,30116442 -3,00177457
3,30689799 0,54811469
-0,35818786 -1,83493287
8,42926729 5,720816
-1,99882048 -2,00309352
11,35277326 6,44923653
3,54970399 -1,23405201
-0,21243819 0,94356962
-4,80115627 11,19212542
0,52201264 -0,81186343
-0,68106426 0,89727719
-9,04833594 9,0499885
-10,11356086 10,23443561
9,1869503 5,38007176
-10,14765299 8,79144451
8,50443683 7,87512847
-4,72163085 7,89086871
-8,13459081 11,14919584
-1,84903408 -1,39290587
-1,8830462 -0,36936791
-8,63518343 11,32895413
9,02017146 9,80933208
-9,61045105 11,15406914
13,01735152 6,27906154
-4,44080417 11,94204155
-0,61668419 1,11255532
-0,74923152 -1,37050659
12,87909966 7,50969089
-7,2526428 11,08262434
0,68134054 0,59632613
1,98423571 -0,03526354
-9,69501458 8,62595249
-8,68301352 10,18938804
-0,95154653 -1,14399437
-6,48269238 9,38591589
1,99033121 -2,50491115
-8,339919 11,5490683
2,3087504 1,27137014
-6,9409083 11,19462476
-5,27262305 7,76711881
13,42183708 7,20070866
-8,94254018 8,03122723
0,56831841 1,14210952
12,02246761 9,66204569
8,66993728 9,37224339
-0,4434384 1,02288166
11,07504816 5,59012459
-5,64925705 10,70338258
12,47705582 8,39305096
-7,53519159 9,19058615
-9,63892253 10,22025488
-5,66170355 12,62363074
-8,35669821 7,72714343
-7,70480211 7,4286342
0,5934493 -0,84683196
-7,54416012 10,09621107
-4,48788067 10,73127995
-1,99851573 -2,80692999
-5,70550982 8,9678402
2,92976397 -0,96388754
0,29802073 -0,17211274
-9,04830148 11,99004216
12,98727995 5,5089735
-5,2976922 10,08654081
-1,38371148 1,20066538
2,00047721 -0,11581248
1,63251626 -0,01084291
-8,03543232 11,58956582
-1,44728167 -0,22254773
0,63407265 -0,68589825
-8,15260163 8,96174669
13,48108358 6,74108439
-4,38929831 12,02299724
1,2839106 -3,59619948
-4,56889049 11,91332921
3,65507582 -3,83347493
14,22840761 8,93594797
-5,99761583 11,57918827
0,39438467 -1,65220311
-1,26868304 -1,63486217
1,38943821 0,78118476
10,81188658 8,47739635
0,89044258 -3,13368225
-7,36948506 10,05995843
-0,16372738 0,18529156
0,10887641 -3,72860994
-5,73567379 12,09634394
1,55053029 -3,21336771
12,61271923 7,40573454
12,17138288 8,6342615
0,40940824 -0,72857527
9,54272863 8,74867935
-5,89368578 10,86471077
-9,60456265 12,49528889
10,67558778 9,37642678
2,72824089 0,96651083
10,59353189 10,13526766
12,23305841 10,01207976
-5,75454065 8,33787088
11,59942323 7,30262304
2,37805231 -3,08077708
-8,14805701 9,44905392
-7,4159297 9,22100965
-9,88654556 10,14296822
-8,98861431 12,32769515
-5,03351836 12,20774577
3,55204249 0,81177861
8,6757587 6,75339571
-6,99655016 11,23925709
-8,90205634 8,04164665
-8,28243246 11,81392371
-1,81030932 -1,53281685
3,43762453 -3,23621586
-0,55832519 -3,02880932
9,21496366 9,20884482
10,97491204 10,07777048
13,70423503 9,09393584
9,13779403 7,19231541
-4,67278868 8,20667448
-5,64618324 9,67431676
12,7374071 8,46754013
-10,03688534 8,97013487
13,39520366 5,72494957
-4,78486582 7,48177425
3,47911629 -2,42500258
-5,33153673 10,38010363
-8,13805307 8,1163683
13,41486969 5,14814439
11,93501522 5,90646733
11,30596478 5,87443799
-8,41248382 9,6059371
12,65646306 6,88787782
11,94678678 6,66983103
-6,92967438 8,96958341
-7,39520079 9,94794911
14,17264989 8,044729
-5,13326451 9,22240667
9,47414811 10,19409881
-7,67917808 7,95247953
-5,65843796 11,79427417
9,39870175 5,88295643
-9,94147032 8,62446583
2,57555221 0,49196761
2,50591311 -2,90827776
13,75832943 6,77142283
-5,51499335 7,95654255
3,02821882 -3,57021108
-7,76579057 9,33386002
10,19755148 9,41907749
-9,7019575 10,1350735
-1,98451684 -1,12282243
0,09126265 0,67572968
0,21731292 -3,46498066
1,7825413 1,18636587
-0,45218723 -1,21528069
13,95265593 9,94318683
10,24849579 7,7246254
-10,18015835 12,59892183
12,51170537 8,2592186
1,14233506 0,09020775
-7,90797212 8,73045247
3,55598187 0,39811305
-1,49238333 -1,31272289
10,16210751 9,54933216
9,45721958 7,73302616
-5,55802282 12,18968736
1,88576694 -1,54918064
3,01513205 -2,39720913
1,52875641 -2,54696239
12,86305114 10,02312833
8,6277434 9,40819442
2,095549 -0,74151918
2,71830433 -0,36800821
3,10888575 1,02190214
9,01682993 7,30037312
8,39315746 6,05112455
-7,54817826 8,41133841
-1,1179322 -1,20032464
2,21420678 -3,80484572
-9,9283702 10,8211422
-8,86315058 8,11636526
10,51536887 6,58360464
-6,35248863 7,56544999
1,49841099 -0,71560636
-6,57872682 10,19775995
-1,2195857 -3,15821618
-4,40302298 11,00610238
14,0425987 7,09321647
-4,4332063 9,65645198
13,70882285 7,06460793
11,81895982 7,39939733
11,5379511 5,73471724
13,33112627 8,06072448
3,19540814 -2,14629396
-1,07857312 -0,88739413
14,26338551 9,55098436
3,64626706 -2,37211664
-5,95315672 10,16488847
1,22564509 0,51071145
-2,16860403 -1,9907459
3,62591437 -0,19349937
-0,06338133 0,8648805
13,77542718 7,49110476
2,42919848 -1,9252367
1,61931461 -2,82806684
-8,75354695 11,75157547
-4,67416823 11,939704
14,04941915 6,64704696
-8,62285726 9,47523178
-0,61744454 -2,60523693
-6,33364947 12,34520953
0,55698063 0,57042915
9,18932867 5,02959588
-5,1164024 11,95099597
-5,61352155 12,22855507
-9,33495648 7,62293515
8,77748826 9,38668479
2,24029491 1,12679763
1,61332481 1,18184592
8,38113051 7,66357182
0,45830709 -0,41444488
10,71027497 6,80680478
11,15255595 6,36571334
-0,25447115 -1,45663572
11,91538948 6,11999225
9,59857399 7,91509826
2,66401842 0,81863147
2,86893846 -1,43765137
-7,15333868 10,25495326
-0,90832295 0,06014705
-8,4485692 8,53355765
-7,12306699 9,97991031
-9,24417174 10,74267556
8,57870106 7,39974372
2,48977758 0,25246033
-5,91918193 11,31301735
11,88312247 9,42737786
0,16175471 -3,05206032
-8,57777695 11,94531122
-1,57130397 -3,2398124
-5,62108863 12,5408846
-6,60223242 9,98389856
-4,78216695 12,37838848
-0,19569271 0,11851963
-6,957649 10,19676541
10,37931396 8,83618729
3,06229075 -1,90664582
-1,37835285 -2,15734807
-6,86974645 9,39140925
14,24833208 6,10326284
-8,3125874 7,78476379
3,43476886 -0,42696561
9,48173844 8,8939411
-8,49013386 12,1241372
13,45844768 10,05786182
10,73432005 5,58490292
-5,809853 12,0750479
8,64600531 10,13060672
0,68335255 0,93838075
13,7374133 9,52406404
2,72460944 -0,18664034
-5,71382994 11,4683115
-7,04712951 11,04900976
12,45571665 9,15915241
-8,92003956 9,47386319
12,86296055 6,88754586
-0,54437107 -1,26509695
-5,04203823 11,77090905
-7,34661668 8,83199413
0,00322521 -0,07519776
10,64089261 9,04090307
-7,00906792 7,59737746
-6,99037556 9,0383278
11,31300132 7,57041707
-7,60870944 7,61147591
2,19938395 -3,60879486
1,90539666 -0,39113645
3,48322142 1,28558028
2,45396404 -1,70884621
12,11405816 6,8387452
-4,92079598 11,33709482
-9,2699762 9,46580755
12,41177086 9,03994209
-1,58276318 0,75636586
11,13508377 9,7300203
12,06086692 7,52063498
3,03608668 -3,58715226
-6,86634653 9,01450841
0,61434392 -0,07865504
-8,3113765 8,37521439
8,78895945 8,42019908
-8,01485106 11,38191058
3,36860662 0,30410904
12,5328963 5,09466191
-6,93270394 9,32793589
-5,77566543 8,36575112
1,91521833 0,31346061
-5,48587301 7,96128754
0,89262237 1,12813743
-10,11837187 12,20741138
3,25776321 -1,17678697
8,84816983 7,58313458
11,25571697 5,25484902
0,51211958 -0,92653811
-0,2853624 -1,20504829
-5,70565682 10,13942636
-1,85893166 -1,40009759
10,87673944 5,53173164
11,83721037 6,04975135
-2,16825584 -1,79740308
-8,71754893 11,54597546
-7,69182161 11,3384967
12,88343162 9,23833412
10,65916081 7,96728109
-1,02138682 -2,3806324
0,76962141 -0,1626839
2,40129609 0,46149562
-1,44504762 0,48705576
8,36529332 7,77686727
-0,27571015 -2,80590539
12,56370388 7,53881941
-7,13259302 12,34868506
-6,57042115 11,47562117
-8,46369282 8,05411887
12,02247678 7,86878802
13,28068189 9,707254
-7,94242744 10,15677555
2,69003558 -1,67641985
3,06850268 -0,36609972
9,51860074 5,40250243
2,04248773 -0,84100217
13,05073455 9,44382459
9,75758502 6,1524048
-6,6350617 8,32415679
3,22484763 -3,07937679
-5,93819713 8,79730793
0,27456395 -0,04373946
12,2688609 9,00919881
-6,23892574 7,78721568
-7,00678989 11,78649356
-4,72113769 11,09626595
11,828307 8,50462394
-1,73124753 -0,73831432
1,54026625 -1,21081893
1,84160282 -0,28030553
0,14160671 0,02913642
-4,64313242 10,49071905
12,39427146 8,90031965
-0,61582767 -1,98204423
8,89864429 7,90668793
-4,44644693 7,94747337
13,40033975 8,60796484
3,17065388 0,94198256
0,04817803 -1,82403465
0,46027838 -1,05848863
3,14295025 -0,5986063
0,73690485 -3,51568023
11,18185302 6,44815347
9,76647462 8,5925651
11,93951736 5,24041421
-1,59932706 -0,42711782
-7,47506359 10,41763707
-0,44918418 -1,73764578
10,31487519 5,33046421
-6,31093216 8,41817112
3,0317189 -1,26206037
9,25669423 5,58082044
-7,08871513 11,15515591
-1,02960697 -3,29437756
1,97301914 -0,91111307
-5,34349132 10,37442411
0,93462068 1,12175
-1,85295721 0,67358867
9,47642284 9,12580715
-7,54259883 12,12213592
3,64813189 -3,13121204
9,95024153 8,81483771
-6,25777843 8,76317806
-0,75088795 -3,76949917
-1,88896682 -2,45150399
10,35410804 5,40228692
9,08557374 6,4932819
8,56276689 6,25756085
1,67445687 0,17058278
-5,63999341 8,39433445
-5,94293734 11,34764315
0,20669989 1,21542965
9,0120388 9,47544556
8,3362605 6,53962803
13,32112958 5,00320065
-4,53881439 9,80094953
2,98087253 -2,33122878
2,93340334 0,56041446
10,69906125 10,13583061
-5,88397247 9,98643306
11,84666387 8,68604799
9,62584252 6,24591197
12,9280192 7,24147329
-9,79681035 11,4624628
11,38792878 6,62713045
12,59441509 7,97666183
-8,37424463 12,51497751
-7,63567091 8,92053735
1,86828084 -0,6620232
9,77487209 7,71357587
-7,42155964 12,19460539
10,47603842 6,25330927
0,76936691 -2,22471984
-7,97182467 12,23495102
-9,81561591 8,72882589
9,76372962 5,08879505
10,2713191 6,14507975
9,3914426 5,51173662
-7,8547969 10,82360151
-9,07376883 9,27815594
2,19532475 -2,37810348
3,71795816 -1,80782041
2,40184557 -0,75585617
1,5210344 -0,67100145
14,22183839 7,91855864
-0,34400978 -2,79417207
0,74091706 0,8930911
0,56313974 -1,26148646
-9,80793492 11,68900672
-0,44076243 -0,24441846
-7,44135192 10,78688233
1,0792747 -3,88816951
-0,46644813 -0,03967902
12,95315816 7,72755893
0,21048643 -2,11686568
-0,91847908 0,7707635
13,0360955 9,46064382
-1,58905144 -3,23268359
8,45714836 9,46705789
10,41767118 8,66463527
-8,39703642 8,43972234
-7,15288116 10,25153985
-8,80742931 8,46637133
11,56244844 8,47273541
14,1159073 8,22244013
1,55410869 -2,23557662
9,35412954 5,31930527
-9,95612644 11,90374971
-1,50216508 -1,13411417
12,33674216 5,06995853
-6,15286824 9,19048937
1,33204128 -1,99982183
1,25203116 0,20838538
-9,40852673 8,52087574
9,74001336 9,51202693
8,42163032 7,86832303
-6,82548087 11,71388949
-4,59936555 9,56653139
2,75295515 -1,15420129
-5,74836374 9,98575164
11,75873542 9,24130328
0,67518026 -1,5185507
-7,33703305 10,91758322
-8,38569218 10,1926304
9,21277111 5,40439047
2,15810529 -2,9505369
9,18565436 7,85595823
11,64431565 7,47102009
10,25756782 6,23717988
0,34782539 -2,33142039
0,1884112 -1,35443413
8,72335075 6,04771031
-5,11535374 12,59801923
10,29521872 6,94494255
-7,73361986 12,03218958
2,7171346 -3,32604622
1,36517424 -1,12604418
1,19882493 -3,4265317
12,28097778 9,21054039
8,52454942 7,04091958
-1,16261939 -0,91934449
0,28056387 -2,99338701
-0,42463808 -2,33994031
9,290455 5,5089765
9,32041944 6,94302822
-7,40087272 11,16265936
-0,01262981 -3,31868552
10,66107053 8,15337155
-4,98550342 8,07751542
-0,60026829 0,71720869
-1,47679144 -1,25024813
-1,41070583 -3,28083443
0,47918194 1,22805002
-7,37485159 9,32124167
-8,24675776 8,69250404
8,4404782 8,9211225
-1,61118673 -1,33461382
-1,13227759 -2,13705545
-1,47537721 0,65784865
9,57358369 6,51534116
12,96503877 9,0082477
1,30743966 -3,63267825
-9,43394238 12,18203143
-4,95282746 9,30858121
13,94267565 8,91953748
-1,9140761 -2,4176956
-8,09675401 9,08733326
-8,04918408 11,02559528
9,27781698 6,22320166
9,9978568 6,63643504
13,72070001 6,36907393
0,61201843 -2,44728586
-6,20700252 8,49073036
8,89242194 5,45250469
-6,13121215 12,45719174
0,05839981 -3,68420224
-0,50448443 -2,85180041
2,42346653 -1,63432339
2,35259172 -0,85134624
13,144743 9,66144951
12,31634412 5,54720099
13,97812806 9,35964602
2,16481386 -2,31820355
-4,4555072 12,0203667
13,5357328 9,164431
-4,98262199 10,98540415
12,88632668 6,90924831
8,47985642 8,29220085
11,81651125 6,79816387
9,80280362 9,48146742
8,41823119 5,28940554
-4,90547254 10,07478231
-1,8525765 -0,37022607
-6,22659601 10,63504645
9,61082671 8,38935024
11,65682576 8,84370932
-6,41191302 10,17558526
-6,80369423 10,18363629
12,44835258 7,56961312
14,27581675 9,00171541
12,58148038 5,64609372
-9,37055411 11,92272439
-6,21641256 7,49497003
2,27786609 -1,66483726
9,53447174 8,73022453
12,45796321 7,1661731
2,81649456 -2,3683169
13,13378006 6,11912633
1,71047036 -0,63894315
1,82669959 -3,00925514
2,82280952 -1,06286699
9,3456002 9,23760489
11,32738931 6,25807376
8,56974447 9,58545374
9,51326137 7,50007461
13,4961481 9,90316002
-2,00188597 1,27035852
-4,39086122 11,82816947
-10,2389706 11,25706473
1,52235252 -2,84070351
-1,00863085 0,17690894
-4,73005077 8,94304229
1,47901106 0,84144194
8,55954043 5,47810473
-6,78043101 8,95605299
-6,35423673 9,70216737
-6,89431851 11,00401063
-7,26778094 12,50192062
-0,61792062 -1,61524466
1,24727906 -2,91908842
-1,27914367 -2,97057261
8,77218999 6,96911701
-6,94073351 10,46348391
-4,3395727 10,48957653
13,15639828 6,25953336
0,5647004 -2,78261836
12,87489452 9,532994
-1,18058262 -1,05849624
9,65127674 6,36190522
-6,3753485 11,9523333
8,97932147 7,75225162
-4,55248525 9,98957087
-7,71117948 10,73472698
9,27995893 8,69436435
-5,19618366 12,20629174
-4,53824007 12,43779086
-9,91400582 8,71472404
-7,53925988 7,8592216
11,7322759 7,50435442
12,16693986 8,99352378
10,34836778 5,54536733
12,63391448 6,0455382
-5,42206546 11,76578646
11,87475192 5,64669575
-5,52401945 8,65176119
10,57496485 6,69386314
9,89852893 8,36918345
12,6216775 5,51486231
9,19490356 9,86730169
-7,7267939 10,24956012
2,36549052 -0,77845782
-1,43971098 -2,44764089
-1,01052028 -2,84134234
2,31590222 1,05175315
12,43338725 8,87433148
0,05373925 -2,03325332
9,88150475 7,89905867
1,28783818 0,05986453
13,5639955 8,948939
2,9524221 0,4341405
-7,14039197 8,89650381
10,83035059 5,33697939
1,79225969 -0,55868096
-1,31992898 0,05098287
11,85158307 6,91116877
9,94703202 10,13023902
-8,255404 12,34453952
-7,10406858 9,95106729
-4,70091742 11,74216826
-5,3874423 9,89499447
1,79962998 -3,19230905
9,19100185 7,97238973
0,37140278 -3,37200839
-8,56446886 11,65065022
-6,66125215 11,58656328
-9,54064985 9,73412203
-7,71172945 9,53411714
0,91320749 -1,49845417
-1,97384584 -1,65026098
3,100425 -1,44607668
-9,9877982 9,7888433
1,31976699 -0,19455779
1,36286877 -3,67520394
2,46626127 1,10169603
10,07335905 7,34087963
12,41401313 8,44621299
-5,83548505 8,00146001
-4,7358089 9,28117774
8,95204475 8,83142282
-1,52216402 0,09378611
12,72272464 6,73336839
3,68343573 -2,6341841
11,07070423 5,82592797
-9,89170633 9,16074989
-8,98794198 9,95388879
0,82133373 -2,53129641
11,45807649 9,47150888
12,53020223 7,17841698
-0,85104009 1,21800725
12,23924769 8,79579899
-5,63912521 11,37197166
-9,78884845 8,36156272
-0,38636487 0,66499221
10,29632895 8,00292637
10,97018479 6,77190497
-5,43218372 11,88864225
-7,77365276 7,56547694
1,09314444 -2,85550496
-6,84775451 12,31943966
0,28639657 1,16660574
-9,86022965 9,59356462
1,45052138 -2,92096632
3,52648001 -0,47272272
0,88613355 -2,05133824
-9,56895101 9,19622513
-1,05861534 1,18590978
-5,94287913 11,0266154
1,63620176 -2,75132175
-6,08102826 9,55014861
-7,27583897 8,54373112
-0,06296487 -0,14353834
2,45561415 -0,88413484
-6,00583274 12,18699646
8,36344881 7,80882484
-6,46193291 12,12895524
3,64958649 0,34385795
2,60181721 0,63508138
11,61684921 6,79475033
0,13673471 -2,09546492
-0,13799322 -0,12813423
3,16587982 0,43744014
12,53230804 8,09647918
2,80658198 -3,82196419
-5,7205305 10,74239577
-6,59968148 11,97070241
-2,10240999 -1,05454905
-8,67595716 8,20872673
9,61569933 6,30265479
1,20522772 -0,46070299
0,30555271 -1,66233824
0,59229548 -1,97729205
-7,26538036 9,17285309
0,80506823 -0,44526612
13,48247658 7,23767877
-1,58379215 -2,81961825
0,09985952 -2,46167964
8,6215985 6,92772571
-4,57714801 11,9253944
-7,33019885 9,20399831
10,97953276 9,41726703
14,19711008 5,69500419
-7,40862112 12,22998862
1,39062336 -1,09536373
-8,99548028 12,47496873
1,79984733 -1,811961
-9,88321185 7,81220728
-4,37958777 9,82037355
13,40623881 9,81516915
9,68177304 9,90805336
13,34002264 7,69044746
13,48627448 5,14910302
12,04991602 7,10933644
2,27684568 0,51549755
11,24219532 7,24018011
9,98797047 5,53939352
9,13220824 7,9189181
11,99322896 9,81108217
-8,28704251 11,78481558
-0,59539375 -0,32052824
13,67067202 8,60198586
9,25640397 7,24091794
2,43421045 -3,70733741
-9,96391446 10,96075732
-1,57144077 0,86327798
12,24685748 5,64887874
0,35386268 -1,33034544
9,43164894 5,79365042
-6,3268116 10,09614089
1,78118401 -2,31858158
1,35604445 0,86423469
-4,64201912 10,9376056
-9,111113 10,72729555
2,79441699 0,40094299
1,90692508 1,2547385
10,50722961 5,33230603
-0,29298666 -3,93916547
1,17503858 0,26505025
-10,10820707 9,78170362
-10,19648928 9,46477965
-5,83272853 10,88551205
-1,19407604 -0,88557968
13,54556522 5,89279882
-7,53399298 8,23341711
-6,14223179 7,63160565
14,11617611 9,79412418
3,42761697 -2,6066092
13,3020908 9,58465826
-8,64325908 10,18058532
-9,59439674 11,0019188
12,13099245 5,6728037
-8,74451901 8,18444416
8,48710533 7,40591755
-0,31893162 1,16009286
1,04465236 -1,46000026
-7,74308276 8,21428629
-5,02363765 9,27571497
-9,72735676 9,99115533
3,68419788 -2,93851182
13,81773581 8,03822965
11,32121317 7,04167319
-8,36906484 8,36952093
12,64846087 8,623492
-0,12357806 -2,76367011
-8,49955684 7,45300279
-5,32934709 12,28804038
8,67173929 7,31307921
-1,22597417 0,82564374
9,00165231 6,16667373
10,009994 7,1169481
-6,02377572 12,26933724
-6,99762306 11,51180036
11,76431839 5,40437711
3,48233412 -2,52727745
3,20994725 -1,97672815
10,36558946 5,83215733
11,98290467 9,80909044
9,88811892 9,9537935
9,0827005 5,02087888
12,41884069 5,94616933
-10,24033173 9,51616579
8,50719588 9,42249104
8,43568516 6,77800526
-9,88626822 12,04595477
-4,44154501 8,66839155
-5,12533422 10,04227325
-0,01005667 -3,50631966
1,71969672 0,23651754
-10,21476191 11,40503508
1,29056933 -3,66573209
13,83160787 7,4209084
-6,82972568 12,15580854
-9,24064724 7,71639958
14,15606924 5,64050535
2,64300051 0,04376034
3,29798847 -3,76042674
-5,63549049 10,26600181
-8,7713255 7,53612774
3,35343379 -1,18386862
-5,89113745 8,39969489
-0,98577877 0,24534544
11,06841341 6,57582808
0,00503134 -0,55136041
-5,50201947 11,05291618
13,50511911 7,5810376
11,41346877 7,96876178
9,06534852 8,42936562
-4,74339792 9,08338088
0,96101327 -0,8675019
3,71736311 -1,23190239
-4,9909725 8,99243896
14,20366493 10,23240638
-10,03431665 12,25446592
-6,90369921 8,60017676
1,43436854 -1,88722719
0,743404 -3,32474463
12,35075696 10,02723163
-6,43936078 8,85224812
-9,91806319 10,08917204
2,12280791 -1,03673718
3,44705436 -0,31227395
-5,06099851 7,73880409
-7,42761446 10,72106384
8,92578036 8,84147081
9,71971913 5,29212105
-7,65769605 11,88529646
-1,33449685 0,87962188
11,18884862 5,0755935
1,32063008 -3,40522637
12,60641507 7,50274658
12,18944468 5,82649554
-7,0410325 8,64646967
0,50073413 -1,12330233
-6,75090768 7,7942459
-9,15460802 12,09125059
13,79679011 9,84025422
9,69199782 5,710906
11,60746976 5,71965842
-9,26053961 10,75888419
-9,32955666 10,85946366
11,14402195 9,41153101
3,39855006 -1,63389173
8,95292454 5,61540934
-8,61165215 10,51518154
-8,95474273 8,9262344
-8,36558158 11,65930869
-9,25085218 7,44595683
9,30008195 8,84040917
9,31757625 7,65436975
1,8083365 1,01985092
12,685112 5,50426784
1,30607711 -3,52638827
10,98642061 10,09945815
13,14090534 8,36619996
11,85764732 6,32193529
-7,83305572 8,42521405
10,09936052 7,13940527
-9,06860159 9,8087718
1,75957425 0,13315945
9,35011029 8,360466
-6,30274924 12,37283694
1,2592874 -3,49991131
2,58303978 0,28445387
12,74192144 9,65162389
10,30605544 9,19266778
-5,96634086 10,26891042
-8,36790464 11,81840636
2,69103239 -1,99457831
-0,85510301 -3,35028876
-7,25528908 8,49692443
3,22612566 -2,7090592
11,44451534 9,0626525
-4,32377419 9,67516145
-6,01080021 7,73087251
-9,16265163 9,27947227
12,71747136 10,07145898
-4,74256098 8,14839789
13,41551816 9,70688029
13,15143904 6,70647541
-1,84464152 -3,55455228
0,46061658 -1,43209879
-0,93032109 0,00935152
13,54027564 5,80049709
-0,29613794 -0,83141225
-5,60943064 7,4856714
0,59169615 -1,15218285
12,55938105 6,44200474
11,07001581 9,5959354
-0,65717329 0,44560367
12,02104319 10,09086157
-8,42133176 8,08651387
-4,38694887 8,57981249
-9,1533188 10,82394184
-4,36195665 9,63209405
-7,39061777 7,5995792
-0,39896631 -1,10918863
-6,11025724 10,95868234
-5,6558901 11,84918648
8,82125111 9,36732205
3,70004641 0,52922553
-6,73313736 11,36360331
0,54724601 0,29917852
-0,94516296 0,02534938
-5,65684789 8,79242446
8,41705655 9,64864526
9,81315513 9,36565405
10,67514424 7,87840492
-6,28834819 8,76705676
-1,19046003 -2,93332002
-8,64979383 10,64384456
-9,09225787 10,21048561
10,60182349 10,03466322
-5,97551859 12,02808795
9,90008279 9,39804011
-0,44355828 -3,65185892
-1,23822769 0,78176909
-1,59048785 -2,53600194
1,1532889 -0,7200869
11,79745728 8,16748544
-7,20799945 12,53061534
-9,83440729 9,87364667
8,83183936 5,4924962
1,05600034 -1,40810216
-8,43284682 10,92925185
10,10888897 5,43275903
0,62637584 1,23163897
-5,92861052 10,42983911
14,2338837 6,08760138
-1,33935674 0,0244598
12,60796336 6,54311512
11,25614219 10,04422753
-6,37579478 10,53256303
-0,15461088 -0,81179191
-6,91852445 12,4698374
-6,71153352 10,92191236
9,55043765 7,59594413
12,03240135 6,72493103
2,12363496 0,21807327
3,6800725 -1,53653046
10,9747525 7,64741602
1,54053362 -2,2679489
-0,08507531 0,01097448
12,89583779 8,35650632
-5,78354047 8,5316158
1,36679659 0,19554368
13,18708465 6,20017739
1,27473174 1,19813296
12,12687786 9,44531825
13,43719999 8,38815317
1,2169095 -3,32134308
12,08221421 5,89745263
-7,64889417 10,17331857
-1,16330164 -1,3625449
-10,06679445 12,123086
-6,87518304 9,03911713
1,49404717 0,91351259
-1,33804533 0,76537105
9,29111576 9,83820141
9,6435532 7,55733357
3,31141363 -3,09319353
-5,22647708 7,3934475
-7,86397142 9,1614016
9,19351428 8,48888904
-7,90693743 12,44683336
3,50673605 -1,33677844
11,35850493 10,10411064
-4,62370345 8,04921038
13,54111474 6,67152313
8,35358015 10,01144724
8,74685809 8,84882629
11,42296506 6,31788946
-8,67020561 9,332549
0,42968259 -1,36311588
-7,27245844 11,70670838
2,72353508 -1,85395965
2,94194608 -0,29614363
0,13460131 -0,49206002
13,42920373 9,63731664
10,5312851 9,43485989
-9,829388 7,42797541
-4,88836562 11,83207881
-8,80975343 7,5173639
9,07919117 8,24605743
-9,76951812 10,02609383
-4,61794814 10,14142024
10,63509928 9,65734278
12,55865337 6,98610576
-10,04959905 7,87497186
11,92300121 8,02444561
-7,00090871 7,91703323
10,33196763 6,19507358
-6,85875722 9,28060007
-9,6803345 10,06333355
13,17429671 6,64217807
-6,21321845 11,43444214
-8,16901985 10,95104509
-1,71171424 -1,81096434
12,97288465 7,94726252
1,24127156 0,04880872
11,66833999 9,35878001
9,93491481 9,14219887
0,11771119 -2,49590989
-8,13026236 8,17936549
-6,03081967 11,14292252
-10,07099871 10,892052
-5,95175481 11,17059755
13,37826703 7,49001456
13,51743347 9,02493872
-0,70706889 1,22422186
8,93159025 6,97413317
-6,50690375 12,2142309
12,45261291 5,91450263
-6,08745303 10,67082895
1,73889703 -3,47421846
12,60371902 5,05128584
12,80512922 7,62142553
11,11238931 8,62403396
-4,64301009 11,71660891
-5,95306646 11,35838814
13,03011557 6,98120706
-9,91082494 11,52073062
-8,57562847 11,33629832
-5,58948969 11,1565888
8,59696386 7,30193277
-0,62300018 -1,08387501
9,94840872 5,52171551
2,15064749 0,08189948
13,38072812 8,72490459
11,87447996 6,41602391
-9,57365415 7,93221919
0,71171035 -3,04920086
-0,64443484 -1,70766437
9,86606329 9,06997452
-0,78195922 -3,04423265
-7,85837926 12,01864305
-5,50985128 9,10986334
9,48165206 7,01451386
8,59914833 7,7380159
13,93766482 7,01187519
-1,01448735 -0,2028814
3,02281312 -2,49751061
3,57661499 1,03681824
-6,04966252 12,19036162
-1,82053475 -3,89098332
10,03682081 9,94890935
8,88302949 6,77809023
13,71734066 8,79923112
2,20196531 0,37087618
0,04064058 -0,86218562
11,46426073 7,17432659
1,935333 -0,17009309
-7,12494722 7,63276307
-1,06402253 -3,19769883
-10,15307233 7,84733189
11,67786393 9,60573999
-8,89294908 8,91714954
-0,83635226 -2,58735793
-9,40352113 8,74200561
12,85243229 9,93827518
-1,17964104 0,1608217
12,57472948 10,06218643
2,40797497 -0,45097432
10,967765 7,58695807
12,25532575 5,69902932
1,89576693 -0,29655949
-0,79697989 -0,72227135
12,43429273 6,48486139
-6,35152038 11,83756829
-9,31833892 8,53741254
8,38977827 8,06724788
-8,93181718 8,32514735
-4,69017518 10,83603264
-4,48952793 10,40558185
12,6979892 5,87425784
13,57874791 8,13414448
-1,21356874 -1,26954713
10,57926825 9,26060749
0,61388436 -3,23254712
0,84135504 -1,78776065
13,05996039 8,05844562
11,63742659 5,29066299
-7,58868681 9,57013067
1,35548612 -2,74845608
-0,38182957 -2,8762402
-1,35373458 -0,71821162
-6,28865007 8,11009342
-7,48733068 8,99772698
-4,97032116 8,79172252
-0,28594835 0,7550198
2,59696759 -3,56069135
1,96155965 0,74087205
2,93043001 -3,85394107
9,20853646 9,4844996
-5,08885138 8,10635628
12,51131367 6,18401424
-8,03203951 8,32555041
0,60910609 -1,22062804
-9,96461498 11,46481861
0,88519252 -2,78146144
14,26336259 10,04487019
12,73621336 5,91093747
10,60958616 8,07466165
9,18103212 7,22418574
-0,18984995 -0,08721305
-5,0509204 9,26836195
8,74133212 5,02846431
0,27977338 -0,28396496
1,04877324 -2,13504498
-1,60954485 -0,62273538
2,27944427 1,15702296
11,60448142 7,67784219
0,22042103 -0,51992778
11,26509027 8,13156386
1,51077131 0,96035471
-1,92520059 -1,03884936
2,2028392 1,2526574
11,57631323 7,0213128
13,80261302 6,01864801
-7,36035157 11,93424678
-1,48308962 -1,68965958
9,70910177 7,54061015
8,91216605 7,39719348
10,39571314 5,15283411
13,9588048 10,00965553
11,80884836 6,47940037
2,87015962 -3,1104913
11,42150776 5,90011261
9,68658037 5,04139091
2,91027489 -1,78146934
-5,94144441 7,84360437
9,326793 7,94888521
-7,49587762 11,47094654
-4,93612783 11,35768078
10,25104716 5,19177003
3,05864239 -0,47750065
-8,80579456 8,63451863
14,01763839 7,84967789
0,81943123 -3,00494476
-7,77351689 12,00574817
8,41327862 5,02285353
10,36939139 5,05985214
13,47004409 9,60213923
-5,86048404 11,59159622
-4,47649731 8,11583268
11,2374577 9,25355278
-7,03344979 10,68779521
0,79087219 -3,36583174
-9,36071249 9,48757076
-5,8572549 9,77632413
-0,30444433 -0,71447975
-9,15112056 11,5421507
3,27027131 -3,69691273
11,09463908 5,82432718
-8,63754444 10,15900596
0,36079031 -3,74913583
-6,36195592 7,98448191
-9,67741702 7,5362041
-0,99195053 -0,7799786
12,35607624 6,17022483
10,61516015 8,73357133
10,39767637 5,93478362
2,64997937 -0,72837191
1,59240334 0,13071266
2,74450613 0,09294571
-5,81682684 11,83665227
0,63987363 -0,57762048
-0,55609303 -2,08270765
13,53934831 9,27096192
14,08961754 8,82616256
2,71934576 -1,64362436
-0,67789573 -0,3481903
1,56123173 0,90453315
-7,46626973 12,08110008
8,98586479 7,81369955
10,37569854 9,03115052
-0,86867204 -2,97915515
11,90810883 9,37386419
12,4138133 7,55329595
14,22657742 8,28360141
11,18073391 8,83207979
10,89538747 5,8719237
-5,23952255 9,24910522
-8,99151461 12,21739622
-5,60951146 10,78000346
13,98089925 5,16000807
-0,94787427 -2,9761546
-1,90922174 -0,21347933
14,02046258 9,6437476
2,69505073 0,96518053
-1,06413839 -3,44922847
2,25649253 1,0052596
13,33170395 9,96216416
9,9112904 6,76453014
-0,37704261 1,18850278
11,04587573 8,40422164
2,20624286 1,14041105
-6,42122783 11,55495482
0,51984688 -0,51499639
-6,43788391 7,77033565
9,993724 5,85100349
-5,72341657 10,51211413
-4,48308181 11,05797462
-6,76168267 8,7496765
10,54873596 8,70467349
-5,78518633 8,40517269
11,43122013 5,2564608
-5,42247137 10,87362704
-8,72394991 10,19928328
-5,58976102 8,57697298
-6,44181124 7,52235461
8,79450716 9,02531043
-8,48207286 9,51382498
-6,50289529 9,81524524
-9,46701048 8,94274909
11,86908459 6,43530409
0,88521071 0,5229813
-9,32714053 11,4127167
-0,00856025 -1,90860448
11,18412029 6,52830608
3,22565174 -0,04707016
-7,76873557 10,44149858
10,57441259 9,23627121
10,08877578 6,52509999
10,97055224 9,73435728
2,40205605 -0,31018078
12,71514297 5,83872511
13,86699269 5,04594832
11,53441791 8,73794914
8,6972871 5,16654398
-0,80996566 -1,3809947
13,79295041 9,7672496
11,11751447 7,39295035
-0,49784249 -3,50515387
-4,72662699 11,30411107
11,36551281 5,73420843
-9,49882381 10,13808351
1,37760264 -3,5185344
-5,49021973 10,83666314
-6,20378803 10,3357258
-9,26758443 8,11804261
9,21013026 8,28976995
-8,99359469 8,31905035
-5,53463964 12,61601506
-6,93632129 12,17467991
-6,77428639 8,31453942
-10,08461283 8,5726795
-9,71723811 8,93328609
-0,28787805 0,48626954
13,6599655 8,67387885
-5,51761142 10,3212037
0,27146051 -3,42163092
9,00185591 7,65874215
-5,06826053 10,71047284
-10,11314171 10,84541223
1,94829463 -2,7591115
0,68970243 0,09408364
-6,45862728 9,43398729
11,37620058 5,10964415
9,29987759 10,1842751
12,23757278 7,96855232
13,40833032 5,03051156
-4,69577747 9,76335908
-7,25206391 12,44265341
-1,01877954 0,81270609
12,63856804 6,75106411
-1,73675602 -0,50009532
-1,27056769 -3,9368981
13,11475765 9,60928775
0,47094907 0,58103624
-6,17421298 10,30931904
12,44624721 7,47584446
9,10587187 9,50187401
8,81398515 8,03023749
1,64397479 -1,82962639
11,69496054 5,06393187
-1,02042796 -0,16797696
-9,9497074 11,43507533
2,09878932 -0,99178319
-6,13797588 7,39417974
8,65582407 8,67303174
-5,2856978 10,56018835
3,04299434 -2,11929895
-8,65253033 10,41991173
2,5337315 -2,80964582
1,54224051 -0,58909767
11,67841473 6,43868374
-7,51041869 9,73105706
1,96028292 -1,3578206
13,23770392 7,15457639
11,3769864 5,19517068
-5,81273203 9,7892195
13,48045397 9,55695652
-9,35226536 8,92421859
0,09578296 0,95750491
-10,18301927 11,40851086
1,11810977 -0,53184999
12,63960677 6,51319935
-9,12637592 9,98940379
-9,1062389 10,51590315
11,38439959 6,94059126
2,88097527 -0,49895475
12,00437751 6,2975588
10,94655739 9,38254593
1,37113155 -0,36181813
-0,16591603 0,99998241
0,56087686 -3,27880285
11,42194324 9,71199826
13,24263156 8,26487437
-8,34236848 10,88997976
-0,62575376 -0,79686913
0,4011377 -2,2581346
-7,33271641 8,37157812
-9,37345237 9,97629591
-1,92928372 -1,1190346
-6,7722891 12,09410517
-10,09891699 12,32597442
13,22569346 8,50617666
-8,32572114 10,85922885
0,58177397 -1,09859651
-7,73159887 12,02826906
-9,58274848 12,316245
-1,42409183 0,2181925
-7,86018528 9,75433289
1,2809826 -2,27767011
9,93177164 6,96757069
-7,37488199 9,52542608
9,78216543 5,16902358
-8,54194334 10,42663183
1,95540978 -1,36926821
-10,2654107 10,09614222
-10,04358685 11,97443737
0,90785791 -1,60759383
12,55279993 8,51785499
0,37539404 0,97231038
0,81070953 0,60822376
2,7700369 -1,23641483
1,43130074 0,10737346
-4,69705029 9,85466963
9,95889334 9,08594614
12,04198634 5,10477201
-10,24002759 11,82699255
-1,94153623 0,20822153
-0,34456234 -0,81164879
-5,18118506 10,66922849
2,35237816 -2,60942228
0,6260595 -0,4387498
-6,95543242 12,07856395
-7,31027639 10,03067674
-2,10626184 -2,96328616
-0,91681353 -0,08788066
-1,66824334 0,14469507
9,23123848 5,37803321
8,83960931 7,23962816
2,01658259 -1,80704339
1,55455921 0,90638341
12,64201607 7,48817044
8,63485381 8,07022753
9,50504085 9,54241234
11,88675505 5,41440473
-5,87713053 11,54689719
-5,24912392 7,41730705
3,07926954 -1,22948444
13,40339116 8,52604803
12,52172001 9,58455746
0,38607384 -2,3180121
2,20728777 -3,86743028
3,65575088 -1,20563391
-8,09124165 11,06354062
9,66659329 6,61009299
2,48423889 -3,15310393
-8,78530591 11,07671786
-7,39781533 10,49638154
0,31056555 1,26958961
10,67005095 9,9214129
-1,04860062 -2,88868653
-10,05861133 11,6750155
0,40190068 -2,81000108
-0,89914875 0,40240757
-5,75621648 12,12124642
-1,80449822 0,88821454
-9,24788638 8,34038266
14,16075232 8,4138409
-9,25552686 12,50998753
-10,02288013 7,83794226
3,04843369 -2,26340368
10,97587858 6,19945869
3,17678975 -2,75324719
-6,27400955 9,80258304
10,91126148 7,08871374
-6,75158914 9,29531308
11,54067814 7,82825676
-6,66558569 8,70182933
-8,92548311 8,89904061
9,08093871 8,26229541
10,84665884 9,49680514
-5,27762006 9,66463911
1,16714359 -0,41220396
2,2063221 -0,55957909
-8,1474152 8,36093782
9,56846162 8,57150954
2,09539096 -1,27665654
1,72383981 -2,89674287
11,44195625 9,88690572
13,87489169 8,16712539
-1,01162131 0,0621407
-1,45360862 -2,42435185
1,9872889 -2,23665947
11,33802 8,76485293
13,01422706 5,19522006
10,10531742 6,97976505
-6,59895838 10,18230058
-9,72021327 9,92880015
-6,95023631 11,58187214
-6,95954349 7,86453974
-4,64852377 8,51299027
0,80325705 -1,67915595
-1,14670658 -1,81914901
-0,03198573 -3,41422504
1,01621702 -0,32013543
12,61331728 9,16368221
-8,05001391 8,74269526
-1,49906485 -2,96040303
9,02785323 8,33469309
-4,87126816 12,13759166
-10,1193448 12,30083612
-8,35036117 11,50696612
-7,28337337 10,0187228
-8,69826822 8,68608051
3,27115158 -1,55447055
2,0444628 -1,93788383
12,96458939 6,73712205
1,12356774 -0,63050695
-7,51768529 12,40544786
2,9545162 -0,58055657
8,84276481 9,18445305
-1,8344454 -0,09191207
13,60962577 8,29488158
-5,89076734 12,3056216
-0,68349958 -1,3606153
1,28753075 -0,45038367
-7,6769754 9,94017956
-8,22878054 12,29956471
-1,24694471 -2,69228464
-5,02770604 9,40401907
-2,04009703 0,14648144
10,93228559 7,80848426
-0,49545226 -0,39282697
1,50536288 0,21199816
13,91229918 9,07830518
0,09930907 0,56054876
3,12604157 -0,3621612
-2,10246312 -0,53712872
-0,49510022 0,86560579
-8,60867925 9,52312258
13,38933847 5,93449543
9,16360032 7,81384722
0,42506068 -0,10901134
2,05891358 -0,70346992
-8,07073292 10,94683451
-1,0618245 0,74619717
10,41907351 6,29905132
-6,97364576 7,91644017
-9,22153083 9,48469024
2,32319833 -3,44129817
12,99156454 7,53730204
-10,19082457 12,15527747
11,00162372 9,32282216
-8,54601242 8,54143937
11,24900145 9,03783667
-8,86873266 9,5459903
-4,90708422 7,59381849
-9,39924231 11,65016274
11,31816114 5,05451199
-5,69184917 11,23783193
3,7003954 -1,0481165
8,67399036 9,85495656
9,50435746 9,28027994
-8,37305763 7,8455151
3,67106111 -1,31300546
-1,76699364 0,45316049
12,58458166 10,12783756
-2,00270198 -1,88378551
13,68153448 8,4155273
-7,15281832 9,09075165
12,70972976 8,93329019
-6,96188962 8,3921593
-8,2115949 7,70178133
0,90850059 0,75182533
1,49614498 -1,09911404
0,47414639 -2,11616235
-0,14410609 -3,6737164
-5,49009273 11,5276478
0,01629431 -1,99000579
10,26193566 7,92227134
10,31949926 5,83743658
8,44539435 6,87715296
-8,89802016 9,37501039
8,93391358 5,26155248
-7,47477895 12,5387114
-2,09015191 -3,15639535
2,75974484 -3,71435774
1,04204615 -1,71422767
-1,65924758 -1,65663224
-5,96974064 11,01580134
0,88734216 -3,30354805
-6,55456053 7,79207215
3,28348496 -1,64673137
2,77468361 -1,4983654
13,26902751 7,6185092
-4,77796075 12,41509133
-8,68168949 11,9766404
-7,74302137 7,4310562
-6,77882165 11,06875292
11,06527599 9,94244932
1,92085724 -2,16981993
10,72334417 5,43928043
9,97699503 7,47806887
1,90316166 -2,98944689
9,23082121 5,05411372
-1,08189379 -3,67240454
2,81634584 -0,96871802
1,16830768 -0,46571328
-10,17875037 12,48475379
-0,03777104 -1,14786074
-9,86075881 11,85325294
1,92072381 -2,77976058
1,71474258 -0,86899417
11,97316688 9,82452206
-5,26525817 9,46242752
9,75937449 6,29214856
-5,54521528 8,6551359
11,74063459 5,35110117
-7,78036427 8,67232701
9,58866128 8,57910262
13,30048393 7,27445647
-10,016293 9,69199742
8,95821178 9,99262109
-6,32608592 12,27402743
0,19664418 -2,43261106
11,78710655 8,97980007
11,46618156 5,98357378
13,00423779 8,87999197
2,6664076 -3,42774706
0,54832238 -0,63126992
11,69126735 6,35297953
10,87565629 8,50294215
-5,19335136 7,46245224
-7,9056099 12,4152042
13,55201775 5,71473965
8,48611153 5,32380015
-8,42818192 10,15435144
1,11413902 0,55693869
-5,12821083 8,79231931
11,18786683 10,12009748
-5,3996375 8,99940344
12,56847192 7,7427287
-1,20628274 -3,66340135
9,6348819 5,35839165
0,66887248 -3,01316022
14,05006273 7,57319272
-8,77949297 7,78393489
10,02971405 6,07705542
10,18778458 8,0205252
-4,98359059 10,13636438
-6,29035914 10,62177871
11,27503593 7,6909028
-9,49347138 10,65201022
2,67729694 -1,82264894
11,53409379 8,82859725
1,30525225 -0,12894869
-9,00454898 12,16317057
2,64766554 1,24726705
14,23760145 8,56424419
-4,5919131 12,62145219
-0,17656618 1,30443177
-6,51222016 8,61446737
8,90084782 9,14480445
1,41553096 -2,85048573
14,04877949 7,93477407
8,6989728 5,66288702
-0,41133958 0,63832477
-1,15571697 1,10481929
9,85240595 5,41029431
11,45471315 5,05228389
9,43257497 6,88768696
9,83726608 7,51043643
12,88626632 6,81370286
13,82421152 9,73010029
-8,38177394 11,46940921
9,44008463 9,45744038
-0,70621685 -0,74698887
-2,1412897 -0,84056643
1,0701099 -1,81075603
9,78335633 5,53996406
-6,28861552 11,78222382
-8,32628691 8,73030516
-9,37365789 9,76599593
2,01922765 -3,93361364
-9,87520263 9,03500015
0,74746026 -1,2349886
9,89034431 7,16953624
-0,28076157 -2,12164054
9,73947663 8,82645908
-6,08350618 9,24595726
-10,21889885 7,54060466
8,54930164 6,89576971
12,11035391 9,60959093
9,74082103 5,70661793
0,13322364 -0,50558611
-10,08385608 10,10648179
14,16786257 7,84508118
-5,65412153 8,04649151
-2,11501387 0,36867398
13,72742793 6,44450069
8,66357078 8,32219549
-4,40200802 7,3878022
3,28869645 -0,74309614
1,31286139 0,27645726
13,46630224 7,32039761
-9,28511518 7,80450836
2,67190245 0,95524056
11,50380724 5,41359438
-8,94730448 11,15473827
-1,9556688 -0,26041824
13,19827282 9,05455054
-9,42018894 7,66247153
1,37289532 0,66590524
8,44137708 8,4945861
1,45200622 -0,49786833
0,08561998 -1,54441194
-5,20688735 8,31193464
9,2618958 7,38226245
8,53823256 6,30846792
9,67459333 6,9302335
-7,68042603 9,71233965
1,57637073 -3,25086339
1,19610203 1,30995092
-8,98367541 7,8705403
-4,55174642 9,68711977
-5,21141143 9,85855678
13,48745249 6,00540071
2,69370464 -0,27759571
-6,6713033 10,79978545
14,25982996 7,40275515
10,20443976 8,68028748
14,03531057 7,62328003
-9,85988555 9,23993482
-4,73098907 8,27384945
-5,30084885 8,22322046
12,76132579 8,79486585
-4,54106362 8,43262049
-5,04188297 10,24668897
-1,51672226 -2,77988638
13,86996467 7,99588678
-5,31634952 7,48280232
-1,98797298 -0,48543782
9,6948796 9,0732958
13,39077352 8,37315139
11,68359798 6,51388314
10,27157689 5,36814312
12,11120628 8,23138265
8,52058391 9,76049947
13,54987352 8,90727875
11,44936457 9,50224735
0,01997264 0,96529932
10,88793745 8,43685825
13,08155884 7,8716386
9,56504746 5,47370904
-7,51366853 11,73507028
10,47969394 8,7367632
-5,98819656 11,14680974
3,56502546 -1,95182511
-5,72728121 11,09499158
8,82178163 8,22764711
-4,37073873 10,47174794
12,16290593 6,44756016
10,83691525 7,00676916
9,66913976 7,81196768
-7,58573911 9,32875935
-8,39104658 10,36183177
0,31921657 1,04778745
13,27865104 5,09653091
-5,91715449 11,6528557
-8,07893366 9,06979135
-0,51091246 0,15676992
14,12303334 8,82022157
-7,62102318 9,5018139
-9,88965091 11,35668706
1,3793947 -2,57904731
10,33410469 7,22217092
1,35784781 -2,63752967
10,82646399 7,8301802
9,20769702 9,25502566
-0,86893265 -2,65815363
-8,56534209 10,89163125
-5,9837365 10,50724813
3,71411415 -1,27595155
10,63890956 9,67155529
13,96630575 6,92656123
10,0678959 7,10955648
1,80613777 1,25207438
-1,19491634 -3,53848645
-8,07909351 11,66959816
-7,24129919 12,24403987
0,41552178 -3,25428645
-0,30881766 -1,2284155
-0,79859107 0,43855965
9,78611786 6,32517156
-8,10553597 7,86479633
13,88712157 5,27720094
-9,51283033 7,90894415
9,60707824 8,2120358
13,18444116 7,52951068
1,37871339 0,53164442
2,73267113 -1,59921623
11,85884303 9,77645725
12,30984489 6,16355905
-8,37426299 10,92257926
0,75552405 -1,24082436
-0,64036094 -0,96760534
-5,42472786 7,91355049
11,13232811 5,26910097
10,41918543 5,0198282
-0,62019853 -2,29124691
3,33291853 0,053506
-0,89725853 -1,14475161
13,08364022 8,28102785
-1,029955 -0,92773904
-4,96819474 11,19896822
-5,42303687 8,78951789
-1,35124948 -2,17546754
9,39731045 9,46094135
11,90815675 6,12589838
13,52232586 9,03356365
9,83660525 8,62294333
-0,62545076 0,7908703
3,42719156 -0,90762844
9,93530558 7,94681979
-1,99299084 0,58211401
-6,68379937 9,15457895
-6,11231253 10,62531672
-5,94937534 8,55368047
1,40973094 0,61365359
-1,94794114 0,4936605
-6,53820375 8,89599921
-9,99400808 8,72021307
12,94936749 6,03791899
-7,47459873 12,04992707
10,99353151 5,63471884
12,09365748 9,72014291
2,16800276 -1,39533353
12,48110671 5,0911891
3,4158026 -0,88525143
3,14466632 -1,31276275
12,14241657 6,59192361
2,17308025 -1,44076878
9,47408604 7,25858225
-6,42663899 11,95578468
-4,40521862 8,56178969
1,7999359 -1,51908458
-10,07368578 9,26374771
0,43070702 -0,40587501
1,42273087 -1,77038971
9,77799985 8,39638273
-5,21491639 12,19426002
-0,33987785 -1,87744634
-8,60041565 9,6684851
-1,05452425 -2,39924963
2,26604728 -2,17192778
1,79538871 -2,00755114
-6,89126234 11,30470467
-8,57193524 11,4105296
12,20655456 8,40823539
8,80937753 8,73592746
11,21767273 6,21082698
-6,87910417 12,08270531
-8,1984377 12,22989562
-6,37140589 11,08843725
-7,4420591 8,62498875
-1,49312073 0,173092
3,31251865 0,2780185
9,7911158 8,55706266
-7,795572 12,50629917
10,46457747 7,97349943
3,61627067 0,57450661
-1,19119018 -0,91144775
-6,7238773 10,71758946
-7,46257615 9,52089995
0,88070377 -2,52375909
-7,12332708 12,48306358
-6,23999289 11,45692836
0,58511289 1,2018863
13,71174773 5,80726988
-7,22247834 8,15971389
3,04345177 -3,57832242
0,02011402 -3,40588219
13,3635031 5,68885086
3,00722138 -2,99818378
12,82457518 8,41034794
-8,93084114 7,51714981
13,9669483 5,94319862
2,888394 -2,10437178
13,73413896 9,2776071
-5,88229574 9,43448807
11,32318017 5,22971186
8,42340317 8,15475969
13,41647766 9,7010458
-7,47248531 7,78431685
3,47538118 -1,16583524
8,63047699 5,84952072
-6,09813088 9,67351511
1,07783598 -3,62661266
-6,93015667 10,64201882
11,99398309 7,93262845
2,01416661 -3,90765789
13,89125789 8,1687943
0,66686701 -0,54998063
8,33560686 7,35599938
-6,50937693 9,14607639
10,89948534 6,67466278
3,3316388 -3,40153543
-6,45445489 7,99884412
2,53341708 -2,65002987
8,91052865 10,05350197
9,87378928 7,51081223
0,99279908 -2,28639061
11,46690631 9,19384514
-5,34567132 7,67522988
-0,1927215 0,70680544
-5,13238425 8,80053395
9,51880422 7,79578407
-6,5431284 10,81497982
1,61674357 1,01901896
9,83102584 9,45621799
9,98792687 9,43091215
-8,93611829 9,26434443
-8,16234387 10,74600534
-5,87055776 9,86414891
1,38521619 -0,80986699
-10,13045598 12,21671315
-8,5978333 10,40792431
10,83368182 8,94645324
-5,12431272 11,00290947
9,23572123 10,00814131
13,7838465 7,12997902
0,70638624 0,98919818
3,13171553 -2,67062868
3,46781946 -3,49534309
11,98072334 8,38302448
9,71896415 5,07666261
-0,83554967 -3,05913107
2,78613133 0,86217707
9,18200815 9,85235159
9,66529458 8,01284725
9,60353423 7,73474432
-5,7186715 11,86524127
1,22969973 -1,52564672
9,35576419 9,55960847
-9,51982776 10,83424452
0,16557156 -0,36530511
3,33981229 -1,96472321
1,40504793 -2,38379385
-5,47238041 9,87291653
1,09260888 -2,31071643
12,77980509 7,33184609
9,06867387 9,20894734
14,07036636 9,94681933
-8,52642887 7,76852768
-6,42937414 11,92798651
-0,30818277 -0,06631695
10,32543509 6,47444731
-7,99336481 12,55633783
0,78016358 1,00158597
-6,35504765 12,15132039
10,95102596 5,91470852
0,49492806 0,5530967
9,92932205 7,22972914
-6,14743421 10,65703814
2,33276141 -3,20231452
1,28915075 0,92904344
-8,64176932 8,08608445
-9,83774809 7,97825159
-0,61299936 -0,41517292
13,97447838 8,17922492
8,5062051 6,53093797
1,78955478 -0,73217193
-5,30477754 11,86103846
-9,28128001 12,56816469
-0,0471272 1,07766615
-8,39302729 8,11149793
9,88936438 7,62102317
0,18019019 -2,92521359
12,63711393 6,04342582
0,84962133 -2,4083365
-7,97085217 12,51887069
2,06997963 1,29395402
1,81479365 -3,81356531
-7,78079791 11,70314449
0,79464227 -0,03266536
-1,67883189 -2,0078971
-6,49181485 8,71537684
12,88539678 7,0732679
-6,024112 7,91374991
9,4222029 6,61113667
13,71868922 6,96706656
-1,72875023 1,28996775
-7,98760295 8,68079157
-6,00716123 11,80174642
-8,90683492 11,62378576
-5,60428551 8,65801511
8,36944558 5,32628438
-5,73613818 8,44733631
-1,43965363 1,22992172
-7,84443192 11,29503045
-6,40081813 9,23649779
-6,37049366 11,80253871
-10,06919576 8,36420061
-7,72520428 11,71669781
-6,22387533 9,85775168
8,71936215 9,45450541
0,9652706 -0,64597632
-8,63578954 7,49262214
8,56021934 4,99292162
0,45907423 -3,14833952
-8,51801106 9,56792511
-9,04156054 10,2381682
13,91175593 7,07134085
-1,66295508 -3,40174068
3,08583644 0,08850179
-2,16739912 -1,39223394
-6,27772327 12,01926059
1,08371879 0,10298336
14,03800389 5,91063403
-1,55137572 -1,46983738
0,6318399 -3,35473523
-2,16518676 -1,820367
10,44006729 8,18575503
12,41311023 7,60829468
13,71549402 5,35549247
-9,18154445 8,83304541
-7,17383277 11,26176198
10,47672592 5,96895834
10,05165411 8,50413045
1,8248947 0,50336163
0,08978525 -3,47162283
11,13723952 9,30254225
13,43599979 10,18405991
-1,92367317 -2,25335685
12,5358249 5,94717232
10,78043244 9,61439494
0,24698317 0,21440971
-2,05638168 -1,92935503
-0,21496861 0,43016998
-7,14765386 11,12687614
-1,62339577 -2,12079408
-9,90364242 7,44908846
12,71071475 5,80771968
-1,69080205 -1,8458879
-6,5010985 11,9806727
2,99020486 -0,31377403
2,49945768 0,70676073
0,92527882 -0,61418794
9,17386496 6,70516489
-1,37380128 -2,63196713
-5,2585962 9,97276706
11,28371378 5,30810902
12,55143601 6,8575271
2,01732618 0,20510901
13,49037467 8,45925722
-9,69853045 9,62861486
0,08844577 1,24753748
3,63237494 -1,44092266
2,27794008 0,77381535
11,84788953 8,37814143
-9,63669672 10,72735488
2,24982624 0,75351056
10,80906043 6,36418873
-5,29732043 8,46287645
-9,76500601 7,8509583
-0,00399109 -1,76139402
11,63324246 5,50109883
14,23313614 7,73062098
11,5076876 5,83575423
3,52842034 -0,88785768
10,57123387 9,99496163
9,33032714 6,58073848
12,29339827 9,78129215
13,6417702 6,23051318
9,43979241 5,95567449
8,36149181 6,17888647
2,38297952 -2,33115662
-2,09944257 0,45327461
14,16672483 9,33100622
0,19310371 -1,15941002
-7,59587473 8,28768383
-8,65324207 7,9540691
3,41136516 -1,52475303
12,5046086 5,74455496
0,791638 0,44306889
-9,68124217 7,81562805
3,75326472 -1,45848661
2,35061779 1,1538168
12,3630007 6,96466304
2,13828476 -2,88035891
-7,87908993 10,84230872
-10,25370844 12,11251614
-8,79004337 10,10768591
11,44226261 9,8454715
9,61785645 6,37652492
13,29065601 8,37038292
12,53349215 8,03199144
8,51522045 5,27740884
-1,13065885 -3,05898192
13,99678574 8,09891037
2,79271773 -0,6227789
-5,11461581 11,02289421
-0,70530621 -0,72716624
-8,48870819 8,27680133
-0,13803999 -1,69029048
-10,07717242 8,20320339
-9,71442445 10,29223072
-7,07397852 9,74011465
8,57273344 8,03979424
13,1781862 7,54933415
9,70957553 5,53379737
-5,8443064 12,14431579
-6,05728867 8,98080072
-6,51280845 8,20753996
1,99289915 -0,77244433
11,81266695 7,29293726
14,02033999 6,76022893
-9,27890361 12,53305884
0,36661846 -0,22418227
-5,48165802 8,06415419
0,72953397 -0,62715167
11,75248942 5,80653118
9,87164887 8,21995524
10,94657686 7,50702936
-10,09948922 10,98337468
11,57852907 10,02124322
9,13913859 6,11603931
-0,24034203 0,83080333
2,29128007 -2,3975923
11,83923824 9,43414698
-7,30424157 12,36078344
-5,16374322 8,26039425
10,96655281 8,41986795
3,03257604 -3,61682309
-0,11115157 -1,24456129
8,98496061 7,96998396
-9,94312271 11,99372103
2,48785505 -3,82355867
1,06732421 -3,82654005
10,56950458 5,01124262
-9,61853503 9,84615948
-8,60979052 10,03893512
1,88369792 0,06408148
10,67068015 8,31010996
-8,62934876 7,56403103
2,5544687 0,90128983
11,602189 5,80301487
12,39693162 5,95019539
8,78812242 6,44799621
-6,38696744 12,6245426
-0,40796431 -1,44296035
0,62894432 1,04036636
11,68548221 5,86080696
0,03587006 -1,58525508
-8,23393159 11,10510233
11,5407167 8,36944987
-10,23003158 9,97616936
-2,12678499 -0,13349402
2,5155279 -0,75432706
3,65845523 -2,41820995
-7,56764207 10,16474202
9,24774874 5,73898867
0,58846867 0,66172921
13,31567256 7,73367301
13,17536045 8,66937565
12,66060906 10,18068514
-6,42025174 10,81179598
3,66979675 -1,64594106
-7,47124761 9,08069836
12,08878264 5,61534743
-7,38005032 8,98152264
12,59093865 -10,31319776
0,06810445 -10,40980302
4,16011801 7,64444776
2,23700865 -13,01816858
12,74655608 -5,86907818
-10,46618897 -11,02900569
-10,23156566 -0,62187477
12,64501507 -0,40367971
-3,33983706 -8,524716
